category,total_contracts,reentrant_contracts,misclassified_contracts,misclassified_list,percent_misclassified
00_BasicCall,4,12,4,"00_BasicCall_ree1.sol, 00_BasicCall_safe1.sol, 00_BasicCall_ree1.sol, 00_BasicCall_safe1.sol, 00_BasicCall_ree1.sol, 00_BasicCall_safe1.sol, 00_BasicCall_ree1.sol, 00_BasicCall_safe1.sol, 00_BasicCall_ree1.sol, 00_BasicCall_safe1.sol, 00_BasicCall_ree1.sol, 00_BasicCall_safe1.sol, 00_BasicCall_ree1.sol, 00_BasicCall_safe1.sol, 00_BasicCall_ree1.sol, 00_BasicCall_safe1.sol, 00_BasicCall_ree1/C.hex, 00_BasicCall_ree1/C.hex, 00_BasicCall_safe1/C.hex, 00_BasicCall_ree1/C.hex, 00_BasicCall_ree1/C.hex, 00_BasicCall_safe1/C.hex",100.0
00_BasicCross,2,11,2,"00_BasicCross_ree1.sol, 00_BasicCross_ree1.sol, 00_BasicCross_ree1.sol, 00_BasicCross_ree1.sol, 00_BasicCross_ree1.sol, 00_BasicCross_ree1.sol, 00_BasicCross_ree1.sol, 00_BasicCross_ree1.sol, 00_BasicCross_ree1/C.hex, 00_BasicCross_ree1/C.hex, 00_BasicCross_ree1/C.hex",100.0
00_BasicEmit,4,12,4,"00_BasicEmit_ree1.sol, 00_BasicEmit_safe1.sol, 00_BasicEmit_ree1.sol, 00_BasicEmit_safe1.sol, 00_BasicEmit_ree1.sol, 00_BasicEmit_safe1.sol, 00_BasicEmit_ree1.sol, 00_BasicEmit_safe1.sol, 00_BasicEmit_ree1.sol, 00_BasicEmit_safe1.sol, 00_BasicEmit_ree1.sol, 00_BasicEmit_safe1.sol, 00_BasicEmit_ree1.sol, 00_BasicEmit_safe1.sol, 00_BasicEmit_ree1.sol, 00_BasicEmit_safe1.sol, 00_BasicEmit_ree1/C.hex, 00_BasicEmit_ree1/C.hex, 00_BasicEmit_safe1/C.hex, 00_BasicEmit_ree1/C.hex, 00_BasicEmit_ree1/C.hex, 00_BasicEmit_safe1/C.hex, 00_BasicEmit_safe1/C.hex",100.0
00_BasicError,4,12,4,"00_BasicError_ree1.sol, 00_BasicError_safe1.sol, 00_BasicError_ree1.sol, 00_BasicError_safe1.sol, 00_BasicError_ree1.sol, 00_BasicError_safe1.sol, 00_BasicError_ree1.sol, 00_BasicError_safe1.sol, 00_BasicError_ree1.sol, 00_BasicError_safe1.sol, 00_BasicError_ree1.sol, 00_BasicError_safe1.sol, 00_BasicError_ree1.sol, 00_BasicError_safe1.sol, 00_BasicError_ree1.sol, 00_BasicError_safe1.sol, 00_BasicError_ree1/C.hex, 00_BasicError_ree1/C.hex, 00_BasicError_safe1/C.hex, 00_BasicError_ree1/C.hex, 00_BasicError_ree1/C.hex, 00_BasicError_safe1/C.hex",100.0
00_BasicFold,8,20,8,"00_BasicFold_ree1.sol, 00_BasicFold_ree2.sol, 00_BasicFold_safe1.sol, 00_BasicFold_safe2.sol, 00_BasicFold_ree1.sol, 00_BasicFold_ree2.sol, 00_BasicFold_safe1.sol, 00_BasicFold_safe2.sol, 00_BasicFold_ree1.sol, 00_BasicFold_ree2.sol, 00_BasicFold_safe1.sol, 00_BasicFold_safe2.sol, 00_BasicFold_ree1.sol, 00_BasicFold_ree2.sol, 00_BasicFold_safe1.sol, 00_BasicFold_safe2.sol, 00_BasicFold_ree1.sol, 00_BasicFold_ree2.sol, 00_BasicFold_safe1.sol, 00_BasicFold_safe2.sol, 00_BasicFold_ree1.sol, 00_BasicFold_ree2.sol, 00_BasicFold_safe1.sol, 00_BasicFold_safe2.sol, 00_BasicFold_ree1.sol, 00_BasicFold_ree2.sol, 00_BasicFold_safe1.sol, 00_BasicFold_safe2.sol, 00_BasicFold_ree1.sol, 00_BasicFold_ree2.sol, 00_BasicFold_safe1.sol, 00_BasicFold_safe2.sol, 00_BasicFold_ree1/C.hex, 00_BasicFold_ree2/C.hex, 00_BasicFold_safe1/C.hex, 00_BasicFold_safe2/C.hex, 00_BasicFold_safe2/C.hex, 00_BasicFold_safe1/C.hex, 00_BasicFold_ree1/C.hex, 00_BasicFold_ree2/C.hex, 00_BasicFold_safe1/C.hex, 00_BasicFold_safe2/C.hex",100.0
05_SingleSend,6,0,6,"05_SingleSend_safe1.sol, 05_SingleSend_safe2.sol, 05_SingleSend_safe3.sol, 05_SingleSend_safe1.sol, 05_SingleSend_safe2.sol, 05_SingleSend_safe3.sol, 05_SingleSend_safe1.sol, 05_SingleSend_safe2.sol, 05_SingleSend_safe3.sol, 05_SingleSend_safe1.sol, 05_SingleSend_safe2.sol, 05_SingleSend_safe3.sol, 05_SingleSend_safe1.sol, 05_SingleSend_safe2.sol, 05_SingleSend_safe3.sol, 05_SingleSend_safe1.sol, 05_SingleSend_safe2.sol, 05_SingleSend_safe3.sol, 05_SingleSend_safe1.sol, 05_SingleSend_safe2.sol, 05_SingleSend_safe3.sol, 05_SingleSend_safe1.sol, 05_SingleSend_safe2.sol, 05_SingleSend_safe3.sol, 05_SingleSend_safe1/C.hex, 05_SingleSend_safe2/C.hex, 05_SingleSend_safe3/C.hex, 05_SingleSend_safe1/C.hex, 05_SingleSend_safe2/C.hex, 05_SingleSend_safe3/C.hex, 05_SingleSend_safe1/C.hex, 05_SingleSend_safe2/C.hex, 05_SingleSend_safe3/C.hex, 05_SingleSend_safe3/C.hex",100.0
05_SingleSendEmit,2,0,2,"05_SingleSendEmit_safe1.sol, 05_SingleSendEmit_safe1.sol, 05_SingleSendEmit_safe1.sol, 05_SingleSendEmit_safe1.sol, 05_SingleSendEmit_safe1.sol, 05_SingleSendEmit_safe1.sol, 05_SingleSendEmit_safe1.sol, 05_SingleSendEmit_safe1.sol, 05_SingleSendEmit_safe1/C.hex, 05_SingleSendEmit_safe1/C.hex, 05_SingleSendEmit_safe1/C.hex",100.0
04_CrossModFoldSem,2,0,2,"04_CrossModFoldSem_safe1.sol, 04_CrossModFoldSem_safe1.sol, 04_CrossModFoldSem_safe1.sol, 04_CrossModFoldSem_safe1.sol, 04_CrossModFoldSem_safe1.sol, 04_CrossModFoldSem_safe1.sol, 04_CrossModFoldSem_safe1.sol, 04_CrossModFoldSem_safe1.sol, 04_CrossModFoldSem_safe1/C.hex, 04_CrossModFoldSem_safe1/C.hex, 04_CrossModFoldSem_safe1/C.hex",100.0
00_BasicUnchecked,4,12,4,"00_BasicUnchecked_ree1.sol, 00_BasicUnchecked_safe1.sol, 00_BasicUnchecked_ree1.sol, 00_BasicUnchecked_safe1.sol, 00_BasicUnchecked_ree1.sol, 00_BasicUnchecked_safe1.sol, 00_BasicUnchecked_ree1.sol, 00_BasicUnchecked_safe1.sol, 00_BasicUnchecked_ree1.sol, 00_BasicUnchecked_safe1.sol, 00_BasicUnchecked_ree1.sol, 00_BasicUnchecked_safe1.sol, 00_BasicUnchecked_ree1.sol, 00_BasicUnchecked_safe1.sol, 00_BasicUnchecked_ree1.sol, 00_BasicUnchecked_safe1.sol, 00_BasicUnchecked_ree1/C.hex, 00_BasicUnchecked_ree1/C.hex, 00_BasicUnchecked_safe1/C.hex, 00_BasicUnchecked_ree1/C.hex, 00_BasicUnchecked_ree1/C.hex, 00_BasicUnchecked_safe1/C.hex",100.0
10_OnlyOnce,4,0,4,"10_OnlyOnce_safe1.sol, 10_OnlyOnce_safe2.sol, 10_OnlyOnce_safe1.sol, 10_OnlyOnce_safe2.sol, 10_OnlyOnce_safe1.sol, 10_OnlyOnce_safe2.sol, 10_OnlyOnce_safe1.sol, 10_OnlyOnce_safe2.sol, 10_OnlyOnce_safe1.sol, 10_OnlyOnce_safe2.sol, 10_OnlyOnce_safe1.sol, 10_OnlyOnce_safe2.sol, 10_OnlyOnce_safe1.sol, 10_OnlyOnce_safe2.sol, 10_OnlyOnce_safe1.sol, 10_OnlyOnce_safe2.sol, 10_OnlyOnce_safe1/C.hex, 10_OnlyOnce_safe2/C.hex, 10_OnlyOnce_safe1/C.hex, 10_OnlyOnce_safe2/C.hex, 10_OnlyOnce_safe1/C.hex, 10_OnlyOnce_safe2/C.hex, 10_OnlyOnce_safe2/C.hex",100.0
09_ERC20Staticcall,3,15,3,"09_ERC20Staticcall_ree1.sol, 09_ERC20Staticcall_ree1.sol, 09_ERC20Staticcall_ree1.sol, 09_ERC20Staticcall_ree1.sol, 09_ERC20Staticcall_ree1.sol, 09_ERC20Staticcall_ree1.sol, 09_ERC20Staticcall_ree1.sol, 09_ERC20Staticcall_ree1.sol, 09_ERC20Staticcall_ree1/IERC20.hex, 09_ERC20Staticcall_ree1/MiniToken.hex, 09_ERC20Staticcall_ree1/IERC20.hex, 09_ERC20Staticcall_ree1/MiniToken.hex, 09_ERC20Staticcall_ree1/MiniToken.hex, 09_ERC20Staticcall_ree1/IERC20.hex, 09_ERC20Staticcall_ree1/MiniToken.hex",100.0
08_MixedSendFoldEmit,4,11,4,"08_MixedSendFoldEmit_ree1.sol, 08_MixedSendFoldEmit_safe1.sol, 08_MixedSendFoldEmit_ree1.sol, 08_MixedSendFoldEmit_safe1.sol, 08_MixedSendFoldEmit_ree1.sol, 08_MixedSendFoldEmit_safe1.sol, 08_MixedSendFoldEmit_ree1.sol, 08_MixedSendFoldEmit_safe1.sol, 08_MixedSendFoldEmit_ree1.sol, 08_MixedSendFoldEmit_safe1.sol, 08_MixedSendFoldEmit_ree1.sol, 08_MixedSendFoldEmit_safe1.sol, 08_MixedSendFoldEmit_ree1.sol, 08_MixedSendFoldEmit_safe1.sol, 08_MixedSendFoldEmit_ree1.sol, 08_MixedSendFoldEmit_safe1.sol, 08_MixedSendFoldEmit_ree1/C.hex, 08_MixedSendFoldEmit_safe1/C.hex, 08_MixedSendFoldEmit_ree1/C.hex, 08_MixedSendFoldEmit_safe1/C.hex, 08_MixedSendFoldEmit_safe1/C.hex, 08_MixedSendFoldEmit_ree1/C.hex, 08_MixedSendFoldEmit_safe1/C.hex",100.0
08_MixedSendFold,4,12,4,"08_MixedSendFold_ree1.sol, 08_MixedSendFold_safe1.sol, 08_MixedSendFold_ree1.sol, 08_MixedSendFold_safe1.sol, 08_MixedSendFold_ree1.sol, 08_MixedSendFold_safe1.sol, 08_MixedSendFold_ree1.sol, 08_MixedSendFold_safe1.sol, 08_MixedSendFold_ree1.sol, 08_MixedSendFold_safe1.sol, 08_MixedSendFold_ree1.sol, 08_MixedSendFold_safe1.sol, 08_MixedSendFold_ree1.sol, 08_MixedSendFold_safe1.sol, 08_MixedSendFold_ree1.sol, 08_MixedSendFold_safe1.sol, 08_MixedSendFold_ree1/C.hex, 08_MixedSendFold_safe1/C.hex, 08_MixedSendFold_ree1/C.hex, 08_MixedSendFold_safe1/C.hex, 08_MixedSendFold_ree1/C.hex, 08_MixedSendFold_ree1/C.hex, 08_MixedSendFold_safe1/C.hex",100.0
07_MixedTransfer,4,11,4,"07_MixedTransfer_ree1.sol, 07_MixedTransfer_safe1.sol, 07_MixedTransfer_ree1.sol, 07_MixedTransfer_safe1.sol, 07_MixedTransfer_ree1.sol, 07_MixedTransfer_safe1.sol, 07_MixedTransfer_ree1.sol, 07_MixedTransfer_safe1.sol, 07_MixedTransfer_ree1.sol, 07_MixedTransfer_safe1.sol, 07_MixedTransfer_ree1.sol, 07_MixedTransfer_safe1.sol, 07_MixedTransfer_ree1.sol, 07_MixedTransfer_safe1.sol, 07_MixedTransfer_ree1.sol, 07_MixedTransfer_safe1.sol, 07_MixedTransfer_ree1/C.hex, 07_MixedTransfer_ree1/C.hex, 07_MixedTransfer_safe1/C.hex, 07_MixedTransfer_safe1/C.hex, 07_MixedTransfer_ree1/C.hex, 07_MixedTransfer_safe1/C.hex",100.0
07_MixedTransferEmit,4,12,4,"07_MixedTransferEmit_ree1.sol, 07_MixedTransferEmit_safe1.sol, 07_MixedTransferEmit_ree1.sol, 07_MixedTransferEmit_safe1.sol, 07_MixedTransferEmit_ree1.sol, 07_MixedTransferEmit_safe1.sol, 07_MixedTransferEmit_ree1.sol, 07_MixedTransferEmit_safe1.sol, 07_MixedTransferEmit_ree1.sol, 07_MixedTransferEmit_safe1.sol, 07_MixedTransferEmit_ree1.sol, 07_MixedTransferEmit_safe1.sol, 07_MixedTransferEmit_ree1.sol, 07_MixedTransferEmit_safe1.sol, 07_MixedTransferEmit_ree1.sol, 07_MixedTransferEmit_safe1.sol, 07_MixedTransferEmit_ree1/C.hex, 07_MixedTransferEmit_ree1/C.hex, 07_MixedTransferEmit_safe1/C.hex, 07_MixedTransferEmit_ree1/C.hex, 07_MixedTransferEmit_safe1/C.hex, 07_MixedTransferEmit_ree1/C.hex",100.0
08_MixedSend,4,12,4,"08_MixedSend_ree1.sol, 08_MixedSend_safe1.sol, 08_MixedSend_ree1.sol, 08_MixedSend_safe1.sol, 08_MixedSend_ree1.sol, 08_MixedSend_safe1.sol, 08_MixedSend_ree1.sol, 08_MixedSend_safe1.sol, 08_MixedSend_ree1.sol, 08_MixedSend_safe1.sol, 08_MixedSend_ree1.sol, 08_MixedSend_safe1.sol, 08_MixedSend_ree1.sol, 08_MixedSend_safe1.sol, 08_MixedSend_ree1.sol, 08_MixedSend_safe1.sol, 08_MixedSend_ree1/C.hex, 08_MixedSend_ree1/C.hex, 08_MixedSend_safe1/C.hex, 08_MixedSend_ree1/C.hex, 08_MixedSend_safe1/C.hex, 08_MixedSend_ree1/C.hex, 08_MixedSend_safe1/C.hex",100.0
12_Proxy,4,0,4,"12_Proxy_safe1.sol, 12_Proxy_safe2.sol, 12_Proxy_safe1.sol, 12_Proxy_safe2.sol, 12_Proxy_safe1.sol, 12_Proxy_safe2.sol, 12_Proxy_safe1.sol, 12_Proxy_safe2.sol, 12_Proxy_safe1.sol, 12_Proxy_safe2.sol, 12_Proxy_safe1.sol, 12_Proxy_safe2.sol, 12_Proxy_safe1.sol, 12_Proxy_safe2.sol, 12_Proxy_safe1.sol, 12_Proxy_safe2.sol, 12_Proxy_safe1/Proxy.hex, 12_Proxy_safe2/Proxy.hex, 12_Proxy_safe1/Proxy.hex",100.0
05_SingleSendEmitUnchecked,2,0,2,"05_SingleSendEmitUnchecked_safe1.sol, 05_SingleSendEmitUnchecked_safe1.sol, 05_SingleSendEmitUnchecked_safe1.sol, 05_SingleSendEmitUnchecked_safe1.sol, 05_SingleSendEmitUnchecked_safe1.sol, 05_SingleSendEmitUnchecked_safe1.sol, 05_SingleSendEmitUnchecked_safe1.sol, 05_SingleSendEmitUnchecked_safe1.sol, 05_SingleSendEmitUnchecked_safe1/C.hex, 05_SingleSendEmitUnchecked_safe1/C.hex, 05_SingleSendEmitUnchecked_safe1/C.hex",100.0
09_ERC20DDMod,12,46,11,"09_ERC20DDMod_ree1.sol, 09_ERC20DDMod_ree2.sol, 09_ERC20DDMod_ree3.sol, 09_ERC20DDMod_safe1.sol, 09_ERC20DDMod_ree1.sol, 09_ERC20DDMod_ree2.sol, 09_ERC20DDMod_ree3.sol, 09_ERC20DDMod_safe1.sol, 09_ERC20DDMod_ree1.sol, 09_ERC20DDMod_ree2.sol, 09_ERC20DDMod_ree3.sol, 09_ERC20DDMod_safe1.sol, 09_ERC20DDMod_ree1.sol, 09_ERC20DDMod_ree2.sol, 09_ERC20DDMod_ree3.sol, 09_ERC20DDMod_safe1.sol, 09_ERC20DDMod_ree1.sol, 09_ERC20DDMod_ree2.sol, 09_ERC20DDMod_ree3.sol, 09_ERC20DDMod_safe1.sol, 09_ERC20DDMod_ree1.sol, 09_ERC20DDMod_ree2.sol, 09_ERC20DDMod_ree3.sol, 09_ERC20DDMod_safe1.sol, 09_ERC20DDMod_ree1.sol, 09_ERC20DDMod_ree2.sol, 09_ERC20DDMod_ree3.sol, 09_ERC20DDMod_safe1.sol, 09_ERC20DDMod_ree1.sol, 09_ERC20DDMod_ree2.sol, 09_ERC20DDMod_ree3.sol, 09_ERC20DDMod_safe1.sol, 09_ERC20DDMod_ree2/C.hex, 09_ERC20DDMod_safe1/C.hex, 09_ERC20DDMod_ree2/IERC20.hex, 09_ERC20DDMod_ree3/IERC20.hex, 09_ERC20DDMod_ree1/C.hex, 09_ERC20DDMod_ree2/C.hex, 09_ERC20DDMod_ree3/C.hex, 09_ERC20DDMod_safe1/C.hex, 09_ERC20DDMod_ree2/IERC20.hex, 09_ERC20DDMod_ree3/IERC20.hex, 09_ERC20DDMod_safe1/IERC20.hex, 09_ERC20DDMod_safe1/C.hex, 09_ERC20DDMod_ree3/C.hex, 09_ERC20DDMod_ree1/IERC20.hex, 09_ERC20DDMod_ree2/IERC20.hex, 09_ERC20DDMod_ree3/IERC20.hex, 09_ERC20DDMod_ree1/C.hex, 09_ERC20DDMod_ree2/C.hex, 09_ERC20DDMod_ree3/C.hex, 09_ERC20DDMod_safe1/C.hex, 09_ERC20DDMod_ree1/IERC20.hex, 09_ERC20DDMod_ree2/IERC20.hex, 09_ERC20DDMod_ree3/IERC20.hex, 09_ERC20DDMod_safe1/IERC20.hex, 09_ERC20DDMod_ree1/C.hex, 09_ERC20DDMod_ree2/C.hex, 09_ERC20DDMod_ree3/C.hex, 09_ERC20DDMod_ree1/IERC20.hex",91.66666666666666
19_HumanFold,8,32,7,"19_HumanFold_ree1.sol, 19_HumanFold_ree2.sol, 19_HumanFold_ree3.sol, 19_HumanFold_safe1.sol, 19_HumanFold_ree1.sol, 19_HumanFold_ree2.sol, 19_HumanFold_ree3.sol, 19_HumanFold_safe1.sol, 19_HumanFold_ree1.sol, 19_HumanFold_ree2.sol, 19_HumanFold_ree3.sol, 19_HumanFold_safe1.sol, 19_HumanFold_ree1.sol, 19_HumanFold_ree2.sol, 19_HumanFold_ree3.sol, 19_HumanFold_safe1.sol, 19_HumanFold_ree1.sol, 19_HumanFold_ree2.sol, 19_HumanFold_ree3.sol, 19_HumanFold_safe1.sol, 19_HumanFold_ree1.sol, 19_HumanFold_ree2.sol, 19_HumanFold_ree3.sol, 19_HumanFold_safe1.sol, 19_HumanFold_ree1.sol, 19_HumanFold_ree2.sol, 19_HumanFold_ree3.sol, 19_HumanFold_safe1.sol, 19_HumanFold_ree1.sol, 19_HumanFold_ree2.sol, 19_HumanFold_ree3.sol, 19_HumanFold_safe1.sol, 19_HumanFold_ree1/C.hex, 19_HumanFold_ree2/C.hex, 19_HumanFold_ree3/C.hex, 19_HumanFold_ree1/C.hex, 19_HumanFold_ree2/C.hex, 19_HumanFold_ree3/C.hex, 19_HumanFold_safe1/C.hex, 19_HumanFold_ree1/C.hex, 19_HumanFold_ree2/C.hex, 19_HumanFold_safe1/C.hex, 19_HumanFold_safe1/C.hex",87.5
16_DelegateCall,8,33,7,"16_DelegateCall_ree1.sol, 16_DelegateCall_ree2.sol, 16_DelegateCall_ree3.sol, 16_DelegateCall_safe1.sol, 16_DelegateCall_ree1.sol, 16_DelegateCall_ree2.sol, 16_DelegateCall_ree3.sol, 16_DelegateCall_safe1.sol, 16_DelegateCall_ree1.sol, 16_DelegateCall_ree2.sol, 16_DelegateCall_ree3.sol, 16_DelegateCall_safe1.sol, 16_DelegateCall_ree1.sol, 16_DelegateCall_ree2.sol, 16_DelegateCall_ree3.sol, 16_DelegateCall_safe1.sol, 16_DelegateCall_ree1.sol, 16_DelegateCall_ree2.sol, 16_DelegateCall_ree3.sol, 16_DelegateCall_safe1.sol, 16_DelegateCall_ree1.sol, 16_DelegateCall_ree2.sol, 16_DelegateCall_ree3.sol, 16_DelegateCall_safe1.sol, 16_DelegateCall_ree1.sol, 16_DelegateCall_ree2.sol, 16_DelegateCall_ree3.sol, 16_DelegateCall_safe1.sol, 16_DelegateCall_ree1.sol, 16_DelegateCall_ree2.sol, 16_DelegateCall_ree3.sol, 16_DelegateCall_safe1.sol, 16_DelegateCall_ree2/C.hex, 16_DelegateCall_ree3/C.hex, 16_DelegateCall_ree1/C.hex, 16_DelegateCall_ree2/C.hex, 16_DelegateCall_ree3/C.hex, 16_DelegateCall_safe1/C.hex, 16_DelegateCall_ree2/C.hex, 16_DelegateCall_ree1/C.hex, 16_DelegateCall_ree2/C.hex, 16_DelegateCall_ree3/C.hex, 16_DelegateCall_safe1/C.hex, 16_DelegateCall_safe1/C.hex",87.5
19_Human,14,44,12,"19_Human_ree1.sol, 19_Human_ree2.sol, 19_Human_ree3.sol, 19_Human_ree4.sol, 19_Human_safe1.sol, 19_Human_safe2.sol, 19_Human_safe3.sol, 19_Human_ree1.sol, 19_Human_ree2.sol, 19_Human_ree3.sol, 19_Human_ree4.sol, 19_Human_safe1.sol, 19_Human_safe2.sol, 19_Human_safe3.sol, 19_Human_ree1.sol, 19_Human_ree2.sol, 19_Human_ree3.sol, 19_Human_ree4.sol, 19_Human_safe1.sol, 19_Human_safe2.sol, 19_Human_safe3.sol, 19_Human_ree1.sol, 19_Human_ree2.sol, 19_Human_ree3.sol, 19_Human_ree4.sol, 19_Human_safe1.sol, 19_Human_safe2.sol, 19_Human_safe3.sol, 19_Human_ree1.sol, 19_Human_ree2.sol, 19_Human_ree3.sol, 19_Human_ree4.sol, 19_Human_safe1.sol, 19_Human_safe2.sol, 19_Human_safe3.sol, 19_Human_ree1.sol, 19_Human_ree2.sol, 19_Human_ree3.sol, 19_Human_ree4.sol, 19_Human_safe1.sol, 19_Human_safe2.sol, 19_Human_safe3.sol, 19_Human_ree1.sol, 19_Human_ree2.sol, 19_Human_ree3.sol, 19_Human_ree4.sol, 19_Human_safe1.sol, 19_Human_safe2.sol, 19_Human_safe3.sol, 19_Human_ree1.sol, 19_Human_ree2.sol, 19_Human_ree3.sol, 19_Human_ree4.sol, 19_Human_safe1.sol, 19_Human_safe2.sol, 19_Human_safe3.sol, 19_Human_ree2/C.hex, 19_Human_ree3/C.hex, 19_Human_ree4/C.hex, 19_Human_safe1/C.hex, 19_Human_safe2/C.hex, 19_Human_ree2/C.hex, 19_Human_ree3/C.hex, 19_Human_ree4/C.hex, 19_Human_safe1/C.hex, 19_Human_safe2/C.hex, 19_Human_safe3/C.hex, 19_Human_ree1/Victim.hex, 19_Human_ree2/C.hex, 19_Human_safe2/C.hex, 19_Human_ree1/Victim.hex, 19_Human_ree3/C.hex, 19_Human_ree4/C.hex, 19_Human_safe1/C.hex, 19_Human_safe2/C.hex, 19_Human_ree1/Victim.hex",85.71428571428571
09_ERC20DD,6,14,5,"09_ERC20DD_ree1.sol, 09_ERC20DD_safe1.sol, 09_ERC20DD_ree1.sol, 09_ERC20DD_safe1.sol, 09_ERC20DD_ree1.sol, 09_ERC20DD_safe1.sol, 09_ERC20DD_ree1.sol, 09_ERC20DD_safe1.sol, 09_ERC20DD_ree1.sol, 09_ERC20DD_safe1.sol, 09_ERC20DD_ree1.sol, 09_ERC20DD_safe1.sol, 09_ERC20DD_ree1.sol, 09_ERC20DD_safe1.sol, 09_ERC20DD_ree1.sol, 09_ERC20DD_safe1.sol, 09_ERC20DD_ree1/C.hex, 09_ERC20DD_safe1/C.hex, 09_ERC20DD_ree1/IERC20.hex, 09_ERC20DD_safe1/IERC20.hex, 09_ERC20DD_safe1/C.hex, 09_ERC20DD_ree1/IERC20.hex, 09_ERC20DD_safe1/IERC20.hex, 09_ERC20DD_ree1/IERC20.hex, 09_ERC20DD_safe1/IERC20.hex, 09_ERC20DD_ree1/C.hex, 09_ERC20DD_safe1/C.hex, 09_ERC20DD_ree1/IERC20.hex, 09_ERC20DD_safe1/IERC20.hex",83.33333333333334
15_LoopCrossMutex,6,13,5,"15_LoopCrossMutex_ree1.sol, 15_LoopCrossMutex_safe1.sol, 15_LoopCrossMutex_safe2.sol, 15_LoopCrossMutex_ree1.sol, 15_LoopCrossMutex_safe1.sol, 15_LoopCrossMutex_safe2.sol, 15_LoopCrossMutex_ree1.sol, 15_LoopCrossMutex_safe1.sol, 15_LoopCrossMutex_safe2.sol, 15_LoopCrossMutex_ree1.sol, 15_LoopCrossMutex_safe1.sol, 15_LoopCrossMutex_safe2.sol, 15_LoopCrossMutex_ree1.sol, 15_LoopCrossMutex_safe1.sol, 15_LoopCrossMutex_safe2.sol, 15_LoopCrossMutex_ree1.sol, 15_LoopCrossMutex_safe1.sol, 15_LoopCrossMutex_safe2.sol, 15_LoopCrossMutex_ree1.sol, 15_LoopCrossMutex_safe1.sol, 15_LoopCrossMutex_safe2.sol, 15_LoopCrossMutex_ree1.sol, 15_LoopCrossMutex_safe1.sol, 15_LoopCrossMutex_safe2.sol, 15_LoopCrossMutex_ree1/C.hex, 15_LoopCrossMutex_safe1/C.hex, 15_LoopCrossMutex_ree1/C.hex, 15_LoopCrossMutex_safe1/C.hex, 15_LoopCrossMutex_safe2/C.hex, 15_LoopCrossMutex_ree1/C.hex, 15_LoopCrossMutex_safe1/C.hex, 15_LoopCrossMutex_ree1/C.hex, 15_LoopCrossMutex_safe2/C.hex, 15_LoopCrossMutex_ree1/C.hex, 15_LoopCrossMutex_safe1/C.hex, 15_LoopCrossMutex_safe2/C.hex",83.33333333333334
09_ERC20DDSubMod,16,52,13,"09_ERC20DDSubMod_ree1.sol, 09_ERC20DDSubMod_ree2.sol, 09_ERC20DDSubMod_ree3.sol, 09_ERC20DDSubMod_safe1.sol, 09_ERC20DDSubMod_ree1.sol, 09_ERC20DDSubMod_ree2.sol, 09_ERC20DDSubMod_ree3.sol, 09_ERC20DDSubMod_safe1.sol, 09_ERC20DDSubMod_ree1.sol, 09_ERC20DDSubMod_ree2.sol, 09_ERC20DDSubMod_ree3.sol, 09_ERC20DDSubMod_safe1.sol, 09_ERC20DDSubMod_ree1.sol, 09_ERC20DDSubMod_ree2.sol, 09_ERC20DDSubMod_ree3.sol, 09_ERC20DDSubMod_safe1.sol, 09_ERC20DDSubMod_ree1.sol, 09_ERC20DDSubMod_ree2.sol, 09_ERC20DDSubMod_ree3.sol, 09_ERC20DDSubMod_safe1.sol, 09_ERC20DDSubMod_ree1.sol, 09_ERC20DDSubMod_ree2.sol, 09_ERC20DDSubMod_ree3.sol, 09_ERC20DDSubMod_safe1.sol, 09_ERC20DDSubMod_ree1.sol, 09_ERC20DDSubMod_ree2.sol, 09_ERC20DDSubMod_ree3.sol, 09_ERC20DDSubMod_safe1.sol, 09_ERC20DDSubMod_ree1.sol, 09_ERC20DDSubMod_ree2.sol, 09_ERC20DDSubMod_ree3.sol, 09_ERC20DDSubMod_safe1.sol, 09_ERC20DDSubMod_ree2/C.hex, 09_ERC20DDSubMod_ree2/IERC20.hex, 09_ERC20DDSubMod_ree3/IERC20.hex, 09_ERC20DDSubMod_ree1/MyERC20.hex, 09_ERC20DDSubMod_ree2/MyERC20.hex, 09_ERC20DDSubMod_ree3/MyERC20.hex, 09_ERC20DDSubMod_safe1/MyERC20.hex, 09_ERC20DDSubMod_ree1/C.hex, 09_ERC20DDSubMod_ree2/C.hex, 09_ERC20DDSubMod_ree3/C.hex, 09_ERC20DDSubMod_safe1/C.hex, 09_ERC20DDSubMod_ree1/IERC20.hex, 09_ERC20DDSubMod_ree2/IERC20.hex, 09_ERC20DDSubMod_safe1/IERC20.hex, 09_ERC20DDSubMod_ree1/MyERC20.hex, 09_ERC20DDSubMod_ree2/MyERC20.hex, 09_ERC20DDSubMod_ree3/MyERC20.hex, 09_ERC20DDSubMod_safe1/MyERC20.hex, 09_ERC20DDSubMod_safe1/C.hex, 09_ERC20DDSubMod_safe1/IERC20.hex, 09_ERC20DDSubMod_ree1/C.hex, 09_ERC20DDSubMod_ree2/C.hex, 09_ERC20DDSubMod_ree3/C.hex, 09_ERC20DDSubMod_safe1/C.hex, 09_ERC20DDSubMod_ree2/IERC20.hex, 09_ERC20DDSubMod_ree3/IERC20.hex, 09_ERC20DDSubMod_ree1/C.hex, 09_ERC20DDSubMod_ree2/C.hex, 09_ERC20DDSubMod_ree3/C.hex, 09_ERC20DDSubMod_safe1/C.hex, 09_ERC20DDSubMod_ree1/IERC20.hex, 09_ERC20DDSubMod_ree2/IERC20.hex, 09_ERC20DDSubMod_ree3/IERC20.hex, 09_ERC20DDSubMod_safe1/IERC20.hex, 09_ERC20DDSubMod_ree1/MyERC20.hex, 09_ERC20DDSubMod_ree2/MyERC20.hex, 09_ERC20DDSubMod_ree3/MyERC20.hex, 09_ERC20DDSubMod_safe1/MyERC20.hex",81.25
11_ERC20StakingPullMod,9,28,7,"11_ERC20StakingPullMod_ree1.sol, 11_ERC20StakingPullMod_ree2.sol, 11_ERC20StakingPullMod_safe1.sol, 11_ERC20StakingPullMod_ree1.sol, 11_ERC20StakingPullMod_ree2.sol, 11_ERC20StakingPullMod_safe1.sol, 11_ERC20StakingPullMod_ree1.sol, 11_ERC20StakingPullMod_ree2.sol, 11_ERC20StakingPullMod_safe1.sol, 11_ERC20StakingPullMod_ree1.sol, 11_ERC20StakingPullMod_ree2.sol, 11_ERC20StakingPullMod_safe1.sol, 11_ERC20StakingPullMod_ree1.sol, 11_ERC20StakingPullMod_ree2.sol, 11_ERC20StakingPullMod_safe1.sol, 11_ERC20StakingPullMod_ree1.sol, 11_ERC20StakingPullMod_ree2.sol, 11_ERC20StakingPullMod_safe1.sol, 11_ERC20StakingPullMod_ree1.sol, 11_ERC20StakingPullMod_ree2.sol, 11_ERC20StakingPullMod_safe1.sol, 11_ERC20StakingPullMod_ree1.sol, 11_ERC20StakingPullMod_ree2.sol, 11_ERC20StakingPullMod_safe1.sol, 11_ERC20StakingPullMod_ree2/IERC20.hex, 11_ERC20StakingPullMod_ree1/StakableToken.hex, 11_ERC20StakingPullMod_ree1/IERC20.hex, 11_ERC20StakingPullMod_ree2/IERC20.hex, 11_ERC20StakingPullMod_ree1/StakableToken.hex, 11_ERC20StakingPullMod_ree2/StakableToken.hex, 11_ERC20StakingPullMod_safe1/StakableToken.hex, 11_ERC20StakingPullMod_ree2/IERC20.hex, 11_ERC20StakingPullMod_safe1/IERC20.hex, 11_ERC20StakingPullMod_safe1/StakableToken.hex, 11_ERC20StakingPullMod_ree1/IERC20.hex, 11_ERC20StakingPullMod_ree2/IERC20.hex, 11_ERC20StakingPullMod_safe1/IERC20.hex, 11_ERC20StakingPullMod_ree1/StakableToken.hex, 11_ERC20StakingPullMod_ree2/StakableToken.hex, 11_ERC20StakingPullMod_safe1/StakableToken.hex, 11_ERC20StakingPullMod_ree2/IERC20.hex",77.77777777777779
09_ERC20OnlyOnce,9,14,7,"09_ERC20OnlyOnce_ree1.sol, 09_ERC20OnlyOnce_safe1.sol, 09_ERC20OnlyOnce_safe2.sol, 09_ERC20OnlyOnce_ree1.sol, 09_ERC20OnlyOnce_safe1.sol, 09_ERC20OnlyOnce_safe2.sol, 09_ERC20OnlyOnce_ree1.sol, 09_ERC20OnlyOnce_safe1.sol, 09_ERC20OnlyOnce_safe2.sol, 09_ERC20OnlyOnce_ree1.sol, 09_ERC20OnlyOnce_safe1.sol, 09_ERC20OnlyOnce_safe2.sol, 09_ERC20OnlyOnce_ree1.sol, 09_ERC20OnlyOnce_safe1.sol, 09_ERC20OnlyOnce_safe2.sol, 09_ERC20OnlyOnce_ree1.sol, 09_ERC20OnlyOnce_safe1.sol, 09_ERC20OnlyOnce_safe2.sol, 09_ERC20OnlyOnce_ree1.sol, 09_ERC20OnlyOnce_safe1.sol, 09_ERC20OnlyOnce_safe2.sol, 09_ERC20OnlyOnce_ree1.sol, 09_ERC20OnlyOnce_safe1.sol, 09_ERC20OnlyOnce_safe2.sol, 09_ERC20OnlyOnce_safe1/C.hex, 09_ERC20OnlyOnce_safe2/C.hex, 09_ERC20OnlyOnce_ree1/IERC20.hex, 09_ERC20OnlyOnce_safe1/IERC20.hex, 09_ERC20OnlyOnce_ree1/C.hex, 09_ERC20OnlyOnce_safe1/C.hex, 09_ERC20OnlyOnce_safe2/C.hex, 09_ERC20OnlyOnce_ree1/IERC20.hex, 09_ERC20OnlyOnce_safe1/IERC20.hex, 09_ERC20OnlyOnce_safe2/IERC20.hex, 09_ERC20OnlyOnce_safe1/IERC20.hex, 09_ERC20OnlyOnce_safe1/C.hex, 09_ERC20OnlyOnce_safe2/C.hex, 09_ERC20OnlyOnce_ree1/IERC20.hex, 09_ERC20OnlyOnce_safe2/IERC20.hex, 09_ERC20OnlyOnce_ree1/C.hex, 09_ERC20OnlyOnce_safe1/C.hex, 09_ERC20OnlyOnce_safe2/C.hex, 09_ERC20OnlyOnce_ree1/IERC20.hex, 09_ERC20OnlyOnce_safe1/IERC20.hex, 09_ERC20OnlyOnce_safe2/IERC20.hex, 09_ERC20OnlyOnce_safe1/IERC20.hex",77.77777777777779
18_RariStaticcall,12,26,9,"18_RariStaticcall_ree1.sol, 18_RariStaticcall_safe1.sol, 18_RariStaticcall_ree1.sol, 18_RariStaticcall_safe1.sol, 18_RariStaticcall_ree1.sol, 18_RariStaticcall_safe1.sol, 18_RariStaticcall_ree1.sol, 18_RariStaticcall_safe1.sol, 18_RariStaticcall_ree1.sol, 18_RariStaticcall_safe1.sol, 18_RariStaticcall_ree1.sol, 18_RariStaticcall_safe1.sol, 18_RariStaticcall_ree1.sol, 18_RariStaticcall_safe1.sol, 18_RariStaticcall_ree1.sol, 18_RariStaticcall_safe1.sol, 18_RariStaticcall_ree1/B.hex, 18_RariStaticcall_safe1/B.hex, 18_RariStaticcall_ree1/IAlpha.hex, 18_RariStaticcall_ree1/IRari.hex, 18_RariStaticcall_safe1/IRari.hex, 18_RariStaticcall_ree1/IStrategy.hex, 18_RariStaticcall_safe1/IStrategy.hex, 18_RariStaticcall_ree1/A.hex, 18_RariStaticcall_safe1/A.hex, 18_RariStaticcall_ree1/B.hex, 18_RariStaticcall_safe1/B.hex, 18_RariStaticcall_ree1/IAlpha.hex, 18_RariStaticcall_safe1/IAlpha.hex, 18_RariStaticcall_ree1/IRari.hex, 18_RariStaticcall_safe1/IRari.hex, 18_RariStaticcall_ree1/IStrategy.hex, 18_RariStaticcall_safe1/IStrategy.hex, 18_RariStaticcall_ree1/IAlpha.hex, 18_RariStaticcall_safe1/IRari.hex, 18_RariStaticcall_safe1/A.hex, 18_RariStaticcall_ree1/B.hex, 18_RariStaticcall_ree1/IRari.hex, 18_RariStaticcall_safe1/IRari.hex, 18_RariStaticcall_ree1/IStrategy.hex, 18_RariStaticcall_safe1/IStrategy.hex, 18_RariStaticcall_ree1/A.hex, 18_RariStaticcall_safe1/A.hex, 18_RariStaticcall_ree1/B.hex, 18_RariStaticcall_safe1/B.hex, 18_RariStaticcall_ree1/IAlpha.hex, 18_RariStaticcall_safe1/IAlpha.hex, 18_RariStaticcall_ree1/IRari.hex, 18_RariStaticcall_safe1/IRari.hex, 18_RariStaticcall_ree1/IStrategy.hex, 18_RariStaticcall_safe1/IStrategy.hex, 18_RariStaticcall_safe1/IAlpha.hex",75.0
13_OnlyOwner,4,12,3,"13_OnlyOwner_ree1.sol, 13_OnlyOwner_safe1.sol, 13_OnlyOwner_ree1.sol, 13_OnlyOwner_safe1.sol, 13_OnlyOwner_ree1.sol, 13_OnlyOwner_safe1.sol, 13_OnlyOwner_ree1.sol, 13_OnlyOwner_safe1.sol, 13_OnlyOwner_ree1.sol, 13_OnlyOwner_safe1.sol, 13_OnlyOwner_ree1.sol, 13_OnlyOwner_safe1.sol, 13_OnlyOwner_ree1.sol, 13_OnlyOwner_safe1.sol, 13_OnlyOwner_ree1.sol, 13_OnlyOwner_safe1.sol, 13_OnlyOwner_ree1/ControlledPayout.hex, 13_OnlyOwner_safe1/ControlledPayout.hex, 13_OnlyOwner_ree1/ControlledPayout.hex, 13_OnlyOwner_safe1/ControlledPayout.hex, 13_OnlyOwner_safe1/ControlledPayout.hex, 13_OnlyOwner_ree1/ControlledPayout.hex, 13_OnlyOwner_safe1/ControlledPayout.hex, 13_OnlyOwner_ree1/ControlledPayout.hex",75.0
09_ERC20DDSub,8,16,6,"09_ERC20DDSub_ree1.sol, 09_ERC20DDSub_safe1.sol, 09_ERC20DDSub_ree1.sol, 09_ERC20DDSub_safe1.sol, 09_ERC20DDSub_ree1.sol, 09_ERC20DDSub_safe1.sol, 09_ERC20DDSub_ree1.sol, 09_ERC20DDSub_safe1.sol, 09_ERC20DDSub_ree1.sol, 09_ERC20DDSub_safe1.sol, 09_ERC20DDSub_ree1.sol, 09_ERC20DDSub_safe1.sol, 09_ERC20DDSub_ree1.sol, 09_ERC20DDSub_safe1.sol, 09_ERC20DDSub_ree1.sol, 09_ERC20DDSub_safe1.sol, 09_ERC20DDSub_ree1/MyERC20.hex, 09_ERC20DDSub_safe1/MyERC20.hex, 09_ERC20DDSub_ree1/C.hex, 09_ERC20DDSub_safe1/C.hex, 09_ERC20DDSub_safe1/IERC20.hex, 09_ERC20DDSub_ree1/IERC20.hex, 09_ERC20DDSub_ree1/MyERC20.hex, 09_ERC20DDSub_safe1/MyERC20.hex, 09_ERC20DDSub_safe1/IERC20.hex, 09_ERC20DDSub_ree1/IERC20.hex, 09_ERC20DDSub_ree1/C.hex, 09_ERC20DDSub_safe1/C.hex, 09_ERC20DDSub_safe1/IERC20.hex, 09_ERC20DDSub_safe1/C.hex, 09_ERC20DDSub_safe1/IERC20.hex, 09_ERC20DDSub_ree1/IERC20.hex, 09_ERC20DDSub_ree1/MyERC20.hex, 09_ERC20DDSub_safe1/MyERC20.hex, 09_ERC20DDSub_safe1/C.hex",75.0
15_Loop,4,11,3,"15_Loop_ree1.sol, 15_Loop_safe1.sol, 15_Loop_ree1.sol, 15_Loop_safe1.sol, 15_Loop_ree1.sol, 15_Loop_safe1.sol, 15_Loop_ree1.sol, 15_Loop_safe1.sol, 15_Loop_ree1.sol, 15_Loop_safe1.sol, 15_Loop_ree1.sol, 15_Loop_safe1.sol, 15_Loop_ree1.sol, 15_Loop_safe1.sol, 15_Loop_ree1.sol, 15_Loop_safe1.sol, 15_Loop_safe1/C.hex, 15_Loop_ree1/C.hex, 15_Loop_safe1/C.hex, 15_Loop_ree1/C.hex, 15_Loop_ree1/C.hex, 15_Loop_safe1/C.hex",75.0
03_SingleModFoldSem,4,11,3,"03_SingleModFoldSem_ree1.sol, 03_SingleModFoldSem_safe1.sol, 03_SingleModFoldSem_ree1.sol, 03_SingleModFoldSem_safe1.sol, 03_SingleModFoldSem_ree1.sol, 03_SingleModFoldSem_safe1.sol, 03_SingleModFoldSem_ree1.sol, 03_SingleModFoldSem_safe1.sol, 03_SingleModFoldSem_ree1.sol, 03_SingleModFoldSem_safe1.sol, 03_SingleModFoldSem_ree1.sol, 03_SingleModFoldSem_safe1.sol, 03_SingleModFoldSem_ree1.sol, 03_SingleModFoldSem_safe1.sol, 03_SingleModFoldSem_ree1.sol, 03_SingleModFoldSem_safe1.sol, 03_SingleModFoldSem_ree1/C.hex, 03_SingleModFoldSem_safe1/C.hex, 03_SingleModFoldSem_ree1/C.hex, 03_SingleModFoldSem_safe1/C.hex, 03_SingleModFoldSem_safe1/C.hex, 03_SingleModFoldSem_ree1/C.hex, 03_SingleModFoldSem_safe1/C.hex",75.0
02_CrossMutexSem,4,11,3,"02_CrossMutexSem_ree1.sol, 02_CrossMutexSem_safe1.sol, 02_CrossMutexSem_ree1.sol, 02_CrossMutexSem_safe1.sol, 02_CrossMutexSem_ree1.sol, 02_CrossMutexSem_safe1.sol, 02_CrossMutexSem_ree1.sol, 02_CrossMutexSem_safe1.sol, 02_CrossMutexSem_ree1.sol, 02_CrossMutexSem_safe1.sol, 02_CrossMutexSem_ree1.sol, 02_CrossMutexSem_safe1.sol, 02_CrossMutexSem_ree1.sol, 02_CrossMutexSem_safe1.sol, 02_CrossMutexSem_ree1.sol, 02_CrossMutexSem_safe1.sol, 02_CrossMutexSem_ree1/C.hex, 02_CrossMutexSem_ree1/C.hex, 02_CrossMutexSem_safe1/C.hex, 02_CrossMutexSem_safe1/C.hex, 02_CrossMutexSem_ree1/C.hex, 02_CrossMutexSem_safe1/C.hex, 02_CrossMutexSem_safe1/C.hex",75.0
02_CrossMutex,8,22,6,"02_CrossMutex_ree1.sol, 02_CrossMutex_ree2.sol, 02_CrossMutex_safe1.sol, 02_CrossMutex_safe2.sol, 02_CrossMutex_ree1.sol, 02_CrossMutex_ree2.sol, 02_CrossMutex_safe1.sol, 02_CrossMutex_safe2.sol, 02_CrossMutex_ree1.sol, 02_CrossMutex_ree2.sol, 02_CrossMutex_safe1.sol, 02_CrossMutex_safe2.sol, 02_CrossMutex_ree1.sol, 02_CrossMutex_ree2.sol, 02_CrossMutex_safe1.sol, 02_CrossMutex_safe2.sol, 02_CrossMutex_ree1.sol, 02_CrossMutex_ree2.sol, 02_CrossMutex_safe1.sol, 02_CrossMutex_safe2.sol, 02_CrossMutex_ree1.sol, 02_CrossMutex_ree2.sol, 02_CrossMutex_safe1.sol, 02_CrossMutex_safe2.sol, 02_CrossMutex_ree1.sol, 02_CrossMutex_ree2.sol, 02_CrossMutex_safe1.sol, 02_CrossMutex_safe2.sol, 02_CrossMutex_ree1.sol, 02_CrossMutex_ree2.sol, 02_CrossMutex_safe1.sol, 02_CrossMutex_safe2.sol, 02_CrossMutex_ree1/C.hex, 02_CrossMutex_ree2/C.hex, 02_CrossMutex_safe2/C.hex, 02_CrossMutex_ree2/C.hex, 02_CrossMutex_safe1/C.hex, 02_CrossMutex_safe2/C.hex, 02_CrossMutex_safe2/C.hex, 02_CrossMutex_ree2/C.hex, 02_CrossMutex_safe1/C.hex, 02_CrossMutex_safe2/C.hex, 02_CrossMutex_ree1/C.hex, 02_CrossMutex_ree2/C.hex",75.0
01_SingleMutexFoldSem,4,12,3,"01_SingleMutexFoldSem_ree1.sol, 01_SingleMutexFoldSem_safe1.sol, 01_SingleMutexFoldSem_ree1.sol, 01_SingleMutexFoldSem_safe1.sol, 01_SingleMutexFoldSem_ree1.sol, 01_SingleMutexFoldSem_safe1.sol, 01_SingleMutexFoldSem_ree1.sol, 01_SingleMutexFoldSem_safe1.sol, 01_SingleMutexFoldSem_ree1.sol, 01_SingleMutexFoldSem_safe1.sol, 01_SingleMutexFoldSem_ree1.sol, 01_SingleMutexFoldSem_safe1.sol, 01_SingleMutexFoldSem_ree1.sol, 01_SingleMutexFoldSem_safe1.sol, 01_SingleMutexFoldSem_ree1.sol, 01_SingleMutexFoldSem_safe1.sol, 01_SingleMutexFoldSem_ree1/C.hex, 01_SingleMutexFoldSem_safe1/C.hex, 01_SingleMutexFoldSem_ree1/C.hex, 01_SingleMutexFoldSem_safe1/C.hex, 01_SingleMutexFoldSem_ree1/C.hex, 01_SingleMutexFoldSem_ree1/C.hex, 01_SingleMutexFoldSem_safe1/C.hex",75.0
01_SingleMutex,8,21,6,"01_SingleMutex_ree1.sol, 01_SingleMutex_ree2.sol, 01_SingleMutex_safe1.sol, 01_SingleMutex_safe2.sol, 01_SingleMutex_ree1.sol, 01_SingleMutex_ree2.sol, 01_SingleMutex_safe1.sol, 01_SingleMutex_safe2.sol, 01_SingleMutex_ree1.sol, 01_SingleMutex_ree2.sol, 01_SingleMutex_safe1.sol, 01_SingleMutex_safe2.sol, 01_SingleMutex_ree1.sol, 01_SingleMutex_ree2.sol, 01_SingleMutex_safe1.sol, 01_SingleMutex_safe2.sol, 01_SingleMutex_ree1.sol, 01_SingleMutex_ree2.sol, 01_SingleMutex_safe1.sol, 01_SingleMutex_safe2.sol, 01_SingleMutex_ree1.sol, 01_SingleMutex_ree2.sol, 01_SingleMutex_safe1.sol, 01_SingleMutex_safe2.sol, 01_SingleMutex_ree1.sol, 01_SingleMutex_ree2.sol, 01_SingleMutex_safe1.sol, 01_SingleMutex_safe2.sol, 01_SingleMutex_ree1.sol, 01_SingleMutex_ree2.sol, 01_SingleMutex_safe1.sol, 01_SingleMutex_safe2.sol, 01_SingleMutex_safe1/C.hex, 01_SingleMutex_safe2/C.hex, 01_SingleMutex_ree1/C.hex, 01_SingleMutex_ree2/C.hex, 01_SingleMutex_safe1/C.hex, 01_SingleMutex_safe2/C.hex, 01_SingleMutex_ree2/C.hex, 01_SingleMutex_ree1/C.hex, 01_SingleMutex_ree2/C.hex, 01_SingleMutex_safe1/C.hex, 01_SingleMutex_safe2/C.hex",75.0
02_CrossMutexUnchecked,4,11,3,"02_CrossMutexUnchecked_ree1.sol, 02_CrossMutexUnchecked_safe1.sol, 02_CrossMutexUnchecked_ree1.sol, 02_CrossMutexUnchecked_safe1.sol, 02_CrossMutexUnchecked_ree1.sol, 02_CrossMutexUnchecked_safe1.sol, 02_CrossMutexUnchecked_ree1.sol, 02_CrossMutexUnchecked_safe1.sol, 02_CrossMutexUnchecked_ree1.sol, 02_CrossMutexUnchecked_safe1.sol, 02_CrossMutexUnchecked_ree1.sol, 02_CrossMutexUnchecked_safe1.sol, 02_CrossMutexUnchecked_ree1.sol, 02_CrossMutexUnchecked_safe1.sol, 02_CrossMutexUnchecked_ree1.sol, 02_CrossMutexUnchecked_safe1.sol, 02_CrossMutexUnchecked_safe1/C.hex, 02_CrossMutexUnchecked_ree1/C.hex, 02_CrossMutexUnchecked_safe1/C.hex, 02_CrossMutexUnchecked_ree1/C.hex, 02_CrossMutexUnchecked_safe1/C.hex, 02_CrossMutexUnchecked_ree1/C.hex, 02_CrossMutexUnchecked_safe1/C.hex",75.0
00_BasicConst,4,12,3,"00_BasicConst_ree1.sol, 00_BasicConst_safe1.sol, 00_BasicConst_ree1.sol, 00_BasicConst_safe1.sol, 00_BasicConst_ree1.sol, 00_BasicConst_safe1.sol, 00_BasicConst_ree1.sol, 00_BasicConst_safe1.sol, 00_BasicConst_ree1.sol, 00_BasicConst_safe1.sol, 00_BasicConst_ree1.sol, 00_BasicConst_safe1.sol, 00_BasicConst_ree1.sol, 00_BasicConst_safe1.sol, 00_BasicConst_ree1.sol, 00_BasicConst_safe1.sol, 00_BasicConst_ree1/C.hex, 00_BasicConst_safe1/C.hex, 00_BasicConst_ree1/C.hex, 00_BasicConst_safe1/C.hex, 00_BasicConst_ree1/C.hex, 00_BasicConst_safe1/C.hex, 00_BasicConst_ree1/C.hex, 00_BasicConst_safe1/C.hex",75.0
00_BasicNoChecks,4,12,3,"00_BasicNoChecks_ree1.sol, 00_BasicNoChecks_safe1.sol, 00_BasicNoChecks_ree1.sol, 00_BasicNoChecks_safe1.sol, 00_BasicNoChecks_ree1.sol, 00_BasicNoChecks_safe1.sol, 00_BasicNoChecks_ree1.sol, 00_BasicNoChecks_safe1.sol, 00_BasicNoChecks_ree1.sol, 00_BasicNoChecks_safe1.sol, 00_BasicNoChecks_ree1.sol, 00_BasicNoChecks_safe1.sol, 00_BasicNoChecks_ree1.sol, 00_BasicNoChecks_safe1.sol, 00_BasicNoChecks_ree1.sol, 00_BasicNoChecks_safe1.sol, 00_BasicNoChecks_ree1/C.hex, 00_BasicNoChecks_safe1/C.hex, 00_BasicNoChecks_safe1/C.hex, 00_BasicNoChecks_ree1/C.hex, 00_BasicNoChecks_safe1/C.hex, 00_BasicNoChecks_ree1/C.hex, 00_BasicNoChecks_safe1/C.hex, 00_BasicNoChecks_ree1/C.hex",75.0
03_SingleModSem,4,11,3,"03_SingleModSem_ree1.sol, 03_SingleModSem_safe1.sol, 03_SingleModSem_ree1.sol, 03_SingleModSem_safe1.sol, 03_SingleModSem_ree1.sol, 03_SingleModSem_safe1.sol, 03_SingleModSem_ree1.sol, 03_SingleModSem_safe1.sol, 03_SingleModSem_ree1.sol, 03_SingleModSem_safe1.sol, 03_SingleModSem_ree1.sol, 03_SingleModSem_safe1.sol, 03_SingleModSem_ree1.sol, 03_SingleModSem_safe1.sol, 03_SingleModSem_ree1.sol, 03_SingleModSem_safe1.sol, 03_SingleModSem_ree1/C.hex, 03_SingleModSem_safe1/C.hex, 03_SingleModSem_ree1/C.hex, 03_SingleModSem_safe1/C.hex, 03_SingleModSem_safe1/C.hex, 03_SingleModSem_ree1/C.hex",75.0
17_Rari,24,43,17,"17_Rari_ree1.sol, 17_Rari_ree2.sol, 17_Rari_safe1.sol, 17_Rari_safe2.sol, 17_Rari_ree1.sol, 17_Rari_ree2.sol, 17_Rari_safe1.sol, 17_Rari_safe2.sol, 17_Rari_ree1.sol, 17_Rari_ree2.sol, 17_Rari_safe1.sol, 17_Rari_safe2.sol, 17_Rari_ree1.sol, 17_Rari_ree2.sol, 17_Rari_safe1.sol, 17_Rari_safe2.sol, 17_Rari_ree1.sol, 17_Rari_ree2.sol, 17_Rari_safe1.sol, 17_Rari_safe2.sol, 17_Rari_ree1.sol, 17_Rari_ree2.sol, 17_Rari_safe1.sol, 17_Rari_safe2.sol, 17_Rari_ree1.sol, 17_Rari_ree2.sol, 17_Rari_safe1.sol, 17_Rari_safe2.sol, 17_Rari_ree1.sol, 17_Rari_ree2.sol, 17_Rari_safe1.sol, 17_Rari_safe2.sol, 17_Rari_ree1/A.hex, 17_Rari_safe1/A.hex, 17_Rari_ree1/B.hex, 17_Rari_safe2/B.hex, 17_Rari_ree1/IAlpha.hex, 17_Rari_ree2/IAlpha.hex, 17_Rari_safe1/IAlpha.hex, 17_Rari_safe2/IAlpha.hex, 17_Rari_ree1/IRari.hex, 17_Rari_ree1/IStrategy.hex, 17_Rari_safe1/IStrategy.hex, 17_Rari_ree1/A.hex, 17_Rari_ree2/A.hex, 17_Rari_safe1/A.hex, 17_Rari_safe2/A.hex, 17_Rari_ree1/B.hex, 17_Rari_ree2/B.hex, 17_Rari_safe1/B.hex, 17_Rari_safe2/B.hex, 17_Rari_ree1/IAlpha.hex, 17_Rari_ree2/IAlpha.hex, 17_Rari_safe1/IAlpha.hex, 17_Rari_safe2/IAlpha.hex, 17_Rari_ree1/IRari.hex, 17_Rari_ree2/IRari.hex, 17_Rari_safe1/IRari.hex, 17_Rari_safe2/IRari.hex, 17_Rari_ree1/IStrategy.hex, 17_Rari_ree2/IStrategy.hex, 17_Rari_safe1/IStrategy.hex, 17_Rari_safe2/IStrategy.hex, 17_Rari_safe2/B.hex, 17_Rari_safe1/IRari.hex, 17_Rari_safe2/IRari.hex, 17_Rari_safe1/IStrategy.hex, 17_Rari_ree1/A.hex, 17_Rari_safe2/A.hex, 17_Rari_ree1/IAlpha.hex, 17_Rari_safe1/IAlpha.hex, 17_Rari_safe2/IAlpha.hex, 17_Rari_safe1/IRari.hex, 17_Rari_safe2/IRari.hex, 17_Rari_safe2/IStrategy.hex, 17_Rari_ree1/A.hex, 17_Rari_ree2/A.hex, 17_Rari_safe1/A.hex, 17_Rari_safe2/A.hex, 17_Rari_ree1/B.hex, 17_Rari_ree2/B.hex, 17_Rari_safe1/B.hex, 17_Rari_safe2/B.hex, 17_Rari_ree1/IAlpha.hex, 17_Rari_ree2/IAlpha.hex, 17_Rari_safe1/IAlpha.hex, 17_Rari_safe2/IAlpha.hex, 17_Rari_ree1/IRari.hex, 17_Rari_ree2/IRari.hex, 17_Rari_safe1/IRari.hex, 17_Rari_safe2/IRari.hex, 17_Rari_ree2/IStrategy.hex, 17_Rari_safe1/IStrategy.hex, 17_Rari_safe1/A.hex, 17_Rari_safe1/IAlpha.hex, 17_Rari_safe2/IAlpha.hex",70.83333333333334
03_SingleMod,10,33,7,"03_SingleMod_ree1.sol, 03_SingleMod_ree2.sol, 03_SingleMod_ree3.sol, 03_SingleMod_safe2.sol, 03_SingleMod_ree1.sol, 03_SingleMod_ree2.sol, 03_SingleMod_ree3.sol, 03_SingleMod_safe2.sol, 03_SingleMod_ree1.sol, 03_SingleMod_ree2.sol, 03_SingleMod_ree3.sol, 03_SingleMod_safe1.sol, 03_SingleMod_safe2.sol, 03_SingleMod_ree1.sol, 03_SingleMod_ree2.sol, 03_SingleMod_ree3.sol, 03_SingleMod_safe1.sol, 03_SingleMod_safe2.sol, 03_SingleMod_ree1.sol, 03_SingleMod_ree2.sol, 03_SingleMod_ree3.sol, 03_SingleMod_safe1.sol, 03_SingleMod_safe2.sol, 03_SingleMod_ree1.sol, 03_SingleMod_ree2.sol, 03_SingleMod_ree3.sol, 03_SingleMod_safe1.sol, 03_SingleMod_safe2.sol, 03_SingleMod_ree1.sol, 03_SingleMod_ree2.sol, 03_SingleMod_ree3.sol, 03_SingleMod_safe1.sol, 03_SingleMod_safe2.sol, 03_SingleMod_ree1.sol, 03_SingleMod_ree2.sol, 03_SingleMod_ree3.sol, 03_SingleMod_safe1.sol, 03_SingleMod_safe2.sol, 03_SingleMod_ree1/C.hex, 03_SingleMod_ree2/C.hex, 03_SingleMod_safe1/C.hex, 03_SingleMod_safe2/C.hex, 03_SingleMod_ree1/C.hex, 03_SingleMod_ree2/C.hex, 03_SingleMod_ree3/C.hex, 03_SingleMod_safe1/C.hex, 03_SingleMod_safe2/C.hex, 03_SingleMod_ree1/C.hex, 03_SingleMod_safe1/C.hex, 03_SingleMod_ree1/C.hex, 03_SingleMod_ree2/C.hex, 03_SingleMod_ree3/C.hex, 03_SingleMod_safe1/C.hex, 03_SingleMod_safe2/C.hex",70.0
04_CrossMod,16,57,11,"04_CrossMod_ree1.sol, 04_CrossMod_ree2.sol, 04_CrossMod_ree3.sol, 04_CrossMod_ree4.sol, 04_CrossMod_ree5.sol, 04_CrossMod_safe1.sol, 04_CrossMod_safe2.sol, 04_CrossMod_ree1.sol, 04_CrossMod_ree2.sol, 04_CrossMod_ree3.sol, 04_CrossMod_ree4.sol, 04_CrossMod_ree5.sol, 04_CrossMod_safe1.sol, 04_CrossMod_safe2.sol, 04_CrossMod_ree1.sol, 04_CrossMod_ree2.sol, 04_CrossMod_ree3.sol, 04_CrossMod_ree4.sol, 04_CrossMod_ree5.sol, 04_CrossMod_safe1.sol, 04_CrossMod_safe2.sol, 04_CrossMod_safe3.sol, 04_CrossMod_ree1.sol, 04_CrossMod_ree2.sol, 04_CrossMod_ree3.sol, 04_CrossMod_ree4.sol, 04_CrossMod_ree5.sol, 04_CrossMod_safe1.sol, 04_CrossMod_safe2.sol, 04_CrossMod_safe3.sol, 04_CrossMod_ree1.sol, 04_CrossMod_ree2.sol, 04_CrossMod_ree3.sol, 04_CrossMod_ree4.sol, 04_CrossMod_ree5.sol, 04_CrossMod_safe1.sol, 04_CrossMod_safe2.sol, 04_CrossMod_safe3.sol, 04_CrossMod_ree1.sol, 04_CrossMod_ree2.sol, 04_CrossMod_ree3.sol, 04_CrossMod_ree4.sol, 04_CrossMod_ree5.sol, 04_CrossMod_safe1.sol, 04_CrossMod_safe2.sol, 04_CrossMod_safe3.sol, 04_CrossMod_ree1.sol, 04_CrossMod_ree2.sol, 04_CrossMod_ree3.sol, 04_CrossMod_ree4.sol, 04_CrossMod_ree5.sol, 04_CrossMod_safe1.sol, 04_CrossMod_safe2.sol, 04_CrossMod_safe3.sol, 04_CrossMod_ree1.sol, 04_CrossMod_ree2.sol, 04_CrossMod_ree3.sol, 04_CrossMod_ree4.sol, 04_CrossMod_ree5.sol, 04_CrossMod_safe1.sol, 04_CrossMod_safe2.sol, 04_CrossMod_safe3.sol, 04_CrossMod_ree1/C.hex, 04_CrossMod_ree2/C.hex, 04_CrossMod_ree3/C.hex, 04_CrossMod_ree5/C.hex, 04_CrossMod_safe1/C.hex, 04_CrossMod_safe3/C.hex, 04_CrossMod_ree1/C.hex, 04_CrossMod_ree2/C.hex, 04_CrossMod_ree3/C.hex, 04_CrossMod_ree4/C.hex, 04_CrossMod_ree5/C.hex, 04_CrossMod_safe1/C.hex, 04_CrossMod_safe2/C.hex, 04_CrossMod_safe3/C.hex, 04_CrossMod_ree5/C.hex, 04_CrossMod_ree2/C.hex, 04_CrossMod_safe1/C.hex, 04_CrossMod_safe2/C.hex, 04_CrossMod_safe3/C.hex, 04_CrossMod_ree1/C.hex, 04_CrossMod_ree2/C.hex, 04_CrossMod_ree3/C.hex, 04_CrossMod_ree4/C.hex, 04_CrossMod_ree5/C.hex, 04_CrossMod_safe1/C.hex, 04_CrossMod_safe2/C.hex, 04_CrossMod_safe3/C.hex, 04_CrossMod_ree1/C.hex, 04_CrossMod_safe1/C.hex",68.75
14_SidefxInline,6,15,4,"14_SidefxInline_ree1.sol, 14_SidefxInline_safe1.sol, 14_SidefxInline_ree1.sol, 14_SidefxInline_safe1.sol, 14_SidefxInline_ree1.sol, 14_SidefxInline_safe1.sol, 14_SidefxInline_ree1.sol, 14_SidefxInline_safe1.sol, 14_SidefxInline_ree1.sol, 14_SidefxInline_safe1.sol, 14_SidefxInline_ree1.sol, 14_SidefxInline_safe1.sol, 14_SidefxInline_ree1.sol, 14_SidefxInline_safe1.sol, 14_SidefxInline_ree1.sol, 14_SidefxInline_safe1.sol, 14_SidefxInline_ree1/C.hex, 14_SidefxInline_ree1/SomeInterface.hex, 14_SidefxInline_safe1/SomeInterface.hex, 14_SidefxInline_ree1/C.hex, 14_SidefxInline_safe1/C.hex, 14_SidefxInline_ree1/SomeInterface.hex, 14_SidefxInline_safe1/C.hex, 14_SidefxInline_ree1/C.hex, 14_SidefxInline_safe1/C.hex, 14_SidefxInline_safe1/SomeInterface.hex, 14_SidefxInline_ree1/C.hex, 14_SidefxInline_safe1/C.hex, 14_SidefxInline_ree1/SomeInterface.hex, 14_SidefxInline_safe1/SomeInterface.hex, 14_SidefxInline_safe1/SomeInterface.hex",66.66666666666666
15_LoopCrossMod,8,36,5,"15_LoopCrossMod_ree1.sol, 15_LoopCrossMod_ree2.sol, 15_LoopCrossMod_ree3.sol, 15_LoopCrossMod_safe1.sol, 15_LoopCrossMod_ree1.sol, 15_LoopCrossMod_ree2.sol, 15_LoopCrossMod_ree3.sol, 15_LoopCrossMod_safe1.sol, 15_LoopCrossMod_ree1.sol, 15_LoopCrossMod_ree2.sol, 15_LoopCrossMod_ree3.sol, 15_LoopCrossMod_safe1.sol, 15_LoopCrossMod_ree1.sol, 15_LoopCrossMod_ree2.sol, 15_LoopCrossMod_ree3.sol, 15_LoopCrossMod_safe1.sol, 15_LoopCrossMod_ree1.sol, 15_LoopCrossMod_ree2.sol, 15_LoopCrossMod_ree3.sol, 15_LoopCrossMod_safe1.sol, 15_LoopCrossMod_ree1.sol, 15_LoopCrossMod_ree2.sol, 15_LoopCrossMod_ree3.sol, 15_LoopCrossMod_safe1.sol, 15_LoopCrossMod_ree1.sol, 15_LoopCrossMod_ree2.sol, 15_LoopCrossMod_ree3.sol, 15_LoopCrossMod_safe1.sol, 15_LoopCrossMod_ree1.sol, 15_LoopCrossMod_ree2.sol, 15_LoopCrossMod_ree3.sol, 15_LoopCrossMod_safe1.sol, 15_LoopCrossMod_ree1/C.hex, 15_LoopCrossMod_ree2/C.hex, 15_LoopCrossMod_safe1/C.hex, 15_LoopCrossMod_ree1/C.hex, 15_LoopCrossMod_ree2/C.hex, 15_LoopCrossMod_ree3/C.hex, 15_LoopCrossMod_safe1/C.hex, 15_LoopCrossMod_ree2/C.hex, 15_LoopCrossMod_safe1/C.hex, 15_LoopCrossMod_ree1/C.hex, 15_LoopCrossMod_ree3/C.hex, 15_LoopCrossMod_ree1/C.hex, 15_LoopCrossMod_ree2/C.hex, 15_LoopCrossMod_ree3/C.hex, 15_LoopCrossMod_safe1/C.hex, 15_LoopCrossMod_ree1/C.hex, 15_LoopCrossMod_safe1/C.hex",62.5
01_SingleMutexFold,8,35,5,"01_SingleMutexFold_ree1.sol, 01_SingleMutexFold_ree2.sol, 01_SingleMutexFold_ree3.sol, 01_SingleMutexFold_ree1.sol, 01_SingleMutexFold_ree2.sol, 01_SingleMutexFold_ree3.sol, 01_SingleMutexFold_ree1.sol, 01_SingleMutexFold_ree2.sol, 01_SingleMutexFold_ree3.sol, 01_SingleMutexFold_safe1.sol, 01_SingleMutexFold_ree1.sol, 01_SingleMutexFold_ree2.sol, 01_SingleMutexFold_ree3.sol, 01_SingleMutexFold_safe1.sol, 01_SingleMutexFold_ree1.sol, 01_SingleMutexFold_ree2.sol, 01_SingleMutexFold_ree3.sol, 01_SingleMutexFold_safe1.sol, 01_SingleMutexFold_ree1.sol, 01_SingleMutexFold_ree2.sol, 01_SingleMutexFold_ree3.sol, 01_SingleMutexFold_safe1.sol, 01_SingleMutexFold_ree1.sol, 01_SingleMutexFold_ree2.sol, 01_SingleMutexFold_ree3.sol, 01_SingleMutexFold_safe1.sol, 01_SingleMutexFold_ree1.sol, 01_SingleMutexFold_ree2.sol, 01_SingleMutexFold_ree3.sol, 01_SingleMutexFold_safe1.sol, 01_SingleMutexFold_safe1/C.hex, 01_SingleMutexFold_ree1/C.hex, 01_SingleMutexFold_ree2/C.hex, 01_SingleMutexFold_safe1/C.hex, 01_SingleMutexFold_ree1/C.hex, 01_SingleMutexFold_ree2/C.hex, 01_SingleMutexFold_ree3/C.hex, 01_SingleMutexFold_safe1/C.hex, 01_SingleMutexFold_ree1/C.hex, 01_SingleMutexFold_ree3/C.hex, 01_SingleMutexFold_ree1/C.hex, 01_SingleMutexFold_ree2/C.hex, 01_SingleMutexFold_ree3/C.hex, 01_SingleMutexFold_safe1/C.hex, 01_SingleMutexFold_ree2/C.hex",62.5
03_SingleModFold,8,31,5,"03_SingleModFold_ree1.sol, 03_SingleModFold_ree2.sol, 03_SingleModFold_ree3.sol, 03_SingleModFold_ree1.sol, 03_SingleModFold_ree2.sol, 03_SingleModFold_ree3.sol, 03_SingleModFold_ree1.sol, 03_SingleModFold_ree2.sol, 03_SingleModFold_ree3.sol, 03_SingleModFold_safe1.sol, 03_SingleModFold_ree1.sol, 03_SingleModFold_ree2.sol, 03_SingleModFold_ree3.sol, 03_SingleModFold_safe1.sol, 03_SingleModFold_ree1.sol, 03_SingleModFold_ree2.sol, 03_SingleModFold_ree3.sol, 03_SingleModFold_safe1.sol, 03_SingleModFold_ree1.sol, 03_SingleModFold_ree2.sol, 03_SingleModFold_ree3.sol, 03_SingleModFold_safe1.sol, 03_SingleModFold_ree1.sol, 03_SingleModFold_ree2.sol, 03_SingleModFold_ree3.sol, 03_SingleModFold_safe1.sol, 03_SingleModFold_ree1.sol, 03_SingleModFold_ree2.sol, 03_SingleModFold_ree3.sol, 03_SingleModFold_safe1.sol, 03_SingleModFold_ree3/C.hex, 03_SingleModFold_ree1/C.hex, 03_SingleModFold_ree3/C.hex, 03_SingleModFold_safe1/C.hex, 03_SingleModFold_ree3/C.hex, 03_SingleModFold_safe1/C.hex, 03_SingleModFold_ree1/C.hex, 03_SingleModFold_ree2/C.hex, 03_SingleModFold_ree3/C.hex, 03_SingleModFold_safe1/C.hex",62.5
04_CrossModFold,8,36,5,"04_CrossModFold_ree1.sol, 04_CrossModFold_ree2.sol, 04_CrossModFold_ree3.sol, 04_CrossModFold_safe1.sol, 04_CrossModFold_ree1.sol, 04_CrossModFold_ree2.sol, 04_CrossModFold_ree3.sol, 04_CrossModFold_safe1.sol, 04_CrossModFold_ree1.sol, 04_CrossModFold_ree2.sol, 04_CrossModFold_ree3.sol, 04_CrossModFold_safe1.sol, 04_CrossModFold_ree1.sol, 04_CrossModFold_ree2.sol, 04_CrossModFold_ree3.sol, 04_CrossModFold_safe1.sol, 04_CrossModFold_ree1.sol, 04_CrossModFold_ree2.sol, 04_CrossModFold_ree3.sol, 04_CrossModFold_safe1.sol, 04_CrossModFold_ree1.sol, 04_CrossModFold_ree2.sol, 04_CrossModFold_ree3.sol, 04_CrossModFold_safe1.sol, 04_CrossModFold_ree1.sol, 04_CrossModFold_ree2.sol, 04_CrossModFold_ree3.sol, 04_CrossModFold_safe1.sol, 04_CrossModFold_ree1.sol, 04_CrossModFold_ree2.sol, 04_CrossModFold_ree3.sol, 04_CrossModFold_safe1.sol, 04_CrossModFold_ree1/C.hex, 04_CrossModFold_ree3/C.hex, 04_CrossModFold_ree1/C.hex, 04_CrossModFold_ree2/C.hex, 04_CrossModFold_ree3/C.hex, 04_CrossModFold_safe1/C.hex, 04_CrossModFold_safe1/C.hex, 04_CrossModFold_ree1/C.hex, 04_CrossModFold_ree1/C.hex, 04_CrossModFold_ree3/C.hex, 04_CrossModFold_safe1/C.hex, 04_CrossModFold_ree1/C.hex, 04_CrossModFold_ree2/C.hex, 04_CrossModFold_ree3/C.hex, 04_CrossModFold_safe1/C.hex, 04_CrossModFold_ree1/C.hex",62.5
11_ERC20Staking,18,45,10,"11_ERC20Staking_ree1.sol, 11_ERC20Staking_ree2.sol, 11_ERC20Staking_ree3.sol, 11_ERC20Staking_safe1.sol, 11_ERC20Staking_safe2.sol, 11_ERC20Staking_safe3.sol, 11_ERC20Staking_ree1.sol, 11_ERC20Staking_ree2.sol, 11_ERC20Staking_ree3.sol, 11_ERC20Staking_safe1.sol, 11_ERC20Staking_safe2.sol, 11_ERC20Staking_safe3.sol, 11_ERC20Staking_ree1.sol, 11_ERC20Staking_ree2.sol, 11_ERC20Staking_ree3.sol, 11_ERC20Staking_safe1.sol, 11_ERC20Staking_safe2.sol, 11_ERC20Staking_safe3.sol, 11_ERC20Staking_ree1.sol, 11_ERC20Staking_ree2.sol, 11_ERC20Staking_ree3.sol, 11_ERC20Staking_safe1.sol, 11_ERC20Staking_safe2.sol, 11_ERC20Staking_safe3.sol, 11_ERC20Staking_ree1.sol, 11_ERC20Staking_ree2.sol, 11_ERC20Staking_ree3.sol, 11_ERC20Staking_safe1.sol, 11_ERC20Staking_safe2.sol, 11_ERC20Staking_safe3.sol, 11_ERC20Staking_ree1.sol, 11_ERC20Staking_ree2.sol, 11_ERC20Staking_ree3.sol, 11_ERC20Staking_safe1.sol, 11_ERC20Staking_safe2.sol, 11_ERC20Staking_safe3.sol, 11_ERC20Staking_ree1.sol, 11_ERC20Staking_ree2.sol, 11_ERC20Staking_ree3.sol, 11_ERC20Staking_safe1.sol, 11_ERC20Staking_safe2.sol, 11_ERC20Staking_safe3.sol, 11_ERC20Staking_ree1.sol, 11_ERC20Staking_ree2.sol, 11_ERC20Staking_ree3.sol, 11_ERC20Staking_safe1.sol, 11_ERC20Staking_safe2.sol, 11_ERC20Staking_safe3.sol, 11_ERC20Staking_ree3/IERC20.hex, 11_ERC20Staking_safe1/IERC20.hex, 11_ERC20Staking_safe1/StakableToken.hex, 11_ERC20Staking_ree2/StakableToken.hex, 11_ERC20Staking_ree3/StakableToken.hex, 11_ERC20Staking_ree1/IERC20.hex, 11_ERC20Staking_ree2/IERC20.hex, 11_ERC20Staking_ree3/IERC20.hex, 11_ERC20Staking_safe1/IERC20.hex, 11_ERC20Staking_safe2/IERC20.hex, 11_ERC20Staking_safe3/IERC20.hex, 11_ERC20Staking_safe1/StakableToken.hex, 11_ERC20Staking_safe2/StakableToken.hex, 11_ERC20Staking_safe3/StakableToken.hex, 11_ERC20Staking_ree1/StakableToken.hex, 11_ERC20Staking_ree2/StakableToken.hex, 11_ERC20Staking_ree3/StakableToken.hex, 11_ERC20Staking_ree2/IERC20.hex, 11_ERC20Staking_safe2/IERC20.hex, 11_ERC20Staking_safe3/IERC20.hex, 11_ERC20Staking_safe2/StakableToken.hex, 11_ERC20Staking_safe1/IERC20.hex, 11_ERC20Staking_ree2/IERC20.hex, 11_ERC20Staking_safe2/IERC20.hex, 11_ERC20Staking_safe1/StakableToken.hex, 11_ERC20Staking_safe2/StakableToken.hex, 11_ERC20Staking_safe3/StakableToken.hex, 11_ERC20Staking_ree1/StakableToken.hex, 11_ERC20Staking_ree2/StakableToken.hex, 11_ERC20Staking_ree3/StakableToken.hex, 11_ERC20Staking_ree1/IERC20.hex, 11_ERC20Staking_ree2/IERC20.hex, 11_ERC20Staking_ree3/IERC20.hex, 11_ERC20Staking_safe1/IERC20.hex, 11_ERC20Staking_safe2/IERC20.hex, 11_ERC20Staking_safe3/IERC20.hex, 11_ERC20Staking_safe1/StakableToken.hex, 11_ERC20Staking_safe2/StakableToken.hex, 11_ERC20Staking_safe3/StakableToken.hex, 11_ERC20Staking_ree1/StakableToken.hex, 11_ERC20Staking_ree2/StakableToken.hex, 11_ERC20Staking_ree3/StakableToken.hex, 11_ERC20Staking_ree1/IERC20.hex, 11_ERC20Staking_safe1/IERC20.hex",55.55555555555556
11_ERC20StakingPull,9,12,5,"11_ERC20StakingPull_ree1.sol, 11_ERC20StakingPull_safe1.sol, 11_ERC20StakingPull_safe2.sol, 11_ERC20StakingPull_ree1.sol, 11_ERC20StakingPull_safe1.sol, 11_ERC20StakingPull_safe2.sol, 11_ERC20StakingPull_ree1.sol, 11_ERC20StakingPull_safe1.sol, 11_ERC20StakingPull_safe2.sol, 11_ERC20StakingPull_ree1.sol, 11_ERC20StakingPull_safe1.sol, 11_ERC20StakingPull_safe2.sol, 11_ERC20StakingPull_ree1.sol, 11_ERC20StakingPull_safe1.sol, 11_ERC20StakingPull_safe2.sol, 11_ERC20StakingPull_ree1.sol, 11_ERC20StakingPull_safe1.sol, 11_ERC20StakingPull_safe2.sol, 11_ERC20StakingPull_ree1.sol, 11_ERC20StakingPull_safe1.sol, 11_ERC20StakingPull_safe2.sol, 11_ERC20StakingPull_ree1.sol, 11_ERC20StakingPull_safe1.sol, 11_ERC20StakingPull_safe2.sol, 11_ERC20StakingPull_safe1/StakableToken.hex, 11_ERC20StakingPull_ree1/IERC20.hex, 11_ERC20StakingPull_safe1/IERC20.hex, 11_ERC20StakingPull_safe2/IERC20.hex, 11_ERC20StakingPull_ree1/StakableToken.hex, 11_ERC20StakingPull_safe1/StakableToken.hex, 11_ERC20StakingPull_safe2/StakableToken.hex, 11_ERC20StakingPull_safe1/IERC20.hex, 11_ERC20StakingPull_safe1/StakableToken.hex, 11_ERC20StakingPull_safe2/StakableToken.hex, 11_ERC20StakingPull_ree1/IERC20.hex, 11_ERC20StakingPull_safe1/IERC20.hex, 11_ERC20StakingPull_safe2/IERC20.hex, 11_ERC20StakingPull_ree1/StakableToken.hex, 11_ERC20StakingPull_safe1/StakableToken.hex, 11_ERC20StakingPull_safe2/StakableToken.hex",55.55555555555556
05_SingleSendUnchecked,2,0,1,"05_SingleSendUnchecked_safe1.sol, 05_SingleSendUnchecked_safe1.sol, 05_SingleSendUnchecked_safe1.sol, 05_SingleSendUnchecked_safe1.sol, 05_SingleSendUnchecked_safe1.sol, 05_SingleSendUnchecked_safe1.sol, 05_SingleSendUnchecked_safe1.sol, 05_SingleSendUnchecked_safe1.sol, 05_SingleSendUnchecked_safe1/C.hex, 05_SingleSendUnchecked_safe1/C.hex, 05_SingleSendUnchecked_safe1/C.hex",50.0
09_ERC20,12,15,5,"09_ERC20_ree1.sol, 09_ERC20_safe1.sol, 09_ERC20_safe2.sol, 09_ERC20_safe3.sol, 09_ERC20_ree1.sol, 09_ERC20_safe1.sol, 09_ERC20_safe2.sol, 09_ERC20_safe3.sol, 09_ERC20_ree1.sol, 09_ERC20_safe1.sol, 09_ERC20_safe2.sol, 09_ERC20_safe3.sol, 09_ERC20_ree1.sol, 09_ERC20_safe1.sol, 09_ERC20_safe2.sol, 09_ERC20_safe3.sol, 09_ERC20_ree1.sol, 09_ERC20_safe1.sol, 09_ERC20_safe2.sol, 09_ERC20_safe3.sol, 09_ERC20_ree1.sol, 09_ERC20_safe1.sol, 09_ERC20_safe2.sol, 09_ERC20_safe3.sol, 09_ERC20_ree1.sol, 09_ERC20_safe1.sol, 09_ERC20_safe2.sol, 09_ERC20_safe3.sol, 09_ERC20_ree1.sol, 09_ERC20_safe1.sol, 09_ERC20_safe2.sol, 09_ERC20_safe3.sol, 09_ERC20_safe3/C.hex, 09_ERC20_ree1/IERC20.hex, 09_ERC20_safe1/IERC20.hex, 09_ERC20_safe2/IERC20.hex, 09_ERC20_ree1/MiniToken.hex, 09_ERC20_safe1/MiniToken.hex, 09_ERC20_safe2/MiniToken.hex, 09_ERC20_safe3/C.hex, 09_ERC20_ree1/IERC20.hex, 09_ERC20_safe1/IERC20.hex, 09_ERC20_safe2/IERC20.hex, 09_ERC20_safe3/IERC20.hex, 09_ERC20_ree1/MiniToken.hex, 09_ERC20_safe1/MiniToken.hex, 09_ERC20_safe2/MiniToken.hex, 09_ERC20_safe3/IERC20.hex, 09_ERC20_safe1/IERC20.hex, 09_ERC20_ree1/MiniToken.hex, 09_ERC20_safe2/MiniToken.hex, 09_ERC20_safe3/C.hex, 09_ERC20_ree1/IERC20.hex, 09_ERC20_safe1/IERC20.hex, 09_ERC20_safe2/IERC20.hex, 09_ERC20_safe3/IERC20.hex, 09_ERC20_ree1/MiniToken.hex, 09_ERC20_safe1/MiniToken.hex",41.66666666666667
06_SingleTransfer,4,0,1,"06_SingleTransfer_safe1.sol, 06_SingleTransfer_safe2.sol, 06_SingleTransfer_safe1.sol, 06_SingleTransfer_safe2.sol, 06_SingleTransfer_safe1.sol, 06_SingleTransfer_safe2.sol, 06_SingleTransfer_safe1.sol, 06_SingleTransfer_safe2.sol, 06_SingleTransfer_safe1.sol, 06_SingleTransfer_safe2.sol, 06_SingleTransfer_safe1.sol, 06_SingleTransfer_safe2.sol, 06_SingleTransfer_safe1.sol, 06_SingleTransfer_safe2.sol, 06_SingleTransfer_safe1.sol, 06_SingleTransfer_safe2.sol, 06_SingleTransfer_safe1/C.hex, 06_SingleTransfer_safe2/C.hex, 06_SingleTransfer_safe1/C.hex, 06_SingleTransfer_safe2/C.hex",25.0
06_SingleTransferUnchecked,4,0,1,"06_SingleTransferUnchecked_safe1.sol, 06_SingleTransferUnchecked_safe2.sol, 06_SingleTransferUnchecked_safe1.sol, 06_SingleTransferUnchecked_safe2.sol, 06_SingleTransferUnchecked_safe1.sol, 06_SingleTransferUnchecked_safe2.sol, 06_SingleTransferUnchecked_safe1.sol, 06_SingleTransferUnchecked_safe2.sol, 06_SingleTransferUnchecked_safe1.sol, 06_SingleTransferUnchecked_safe2.sol, 06_SingleTransferUnchecked_safe1.sol, 06_SingleTransferUnchecked_safe2.sol, 06_SingleTransferUnchecked_safe1.sol, 06_SingleTransferUnchecked_safe2.sol, 06_SingleTransferUnchecked_safe1.sol, 06_SingleTransferUnchecked_safe2.sol, 06_SingleTransferUnchecked_safe1/C.hex, 06_SingleTransferUnchecked_safe1/C.hex, 06_SingleTransferUnchecked_safe2/C.hex, 06_SingleTransferUnchecked_safe1/C.hex, 06_SingleTransferUnchecked_safe2/C.hex, 06_SingleTransferUnchecked_safe1/C.hex",25.0
00_BasicStaticcall,2,0,0,"00_BasicStaticcall_safe1.sol, 00_BasicStaticcall_safe1.sol, 00_BasicStaticcall_safe1.sol, 00_BasicStaticcall_safe1.sol, 00_BasicStaticcall_safe1.sol, 00_BasicStaticcall_safe1.sol, 00_BasicStaticcall_safe1.sol, 00_BasicStaticcall_safe1.sol, 00_BasicStaticcall_safe1/C.hex, 00_BasicStaticcall_safe1/C.hex, 00_BasicStaticcall_safe1/C.hex, 00_BasicStaticcall_safe1/C.hex, 00_BasicStaticcall_safe1/C.hex",0.0
00_BasicNoCall,2,0,0,"00_BasicNoCall_safe1.sol, 00_BasicNoCall_safe1.sol, 00_BasicNoCall_safe1.sol, 00_BasicNoCall_safe1.sol, 00_BasicNoCall_safe1.sol, 00_BasicNoCall_safe1.sol, 00_BasicNoCall_safe1.sol, 00_BasicNoCall_safe1.sol, 00_BasicNoCall_safe1/C.hex, 00_BasicNoCall_safe1/C.hex, 00_BasicNoCall_safe1/C.hex",0.0
12_ProxyStaticcall,2,0,0,"12_ProxyStaticcall_safe1.sol, 12_ProxyStaticcall_safe1.sol, 12_ProxyStaticcall_safe1.sol, 12_ProxyStaticcall_safe1.sol, 12_ProxyStaticcall_safe1.sol, 12_ProxyStaticcall_safe1.sol, 12_ProxyStaticcall_safe1.sol, 12_ProxyStaticcall_safe1.sol, 12_ProxyStaticcall_safe1/Proxy.hex, 12_ProxyStaticcall_safe1/Proxy.hex, 12_ProxyStaticcall_safe1/Proxy.hex",0.0
