filename,toolid,findings,true_reentrancy,predicted_reentrancy
tests/bins/0_8/01_SingleMutexFoldSem_ree1/C.hex,oyente+-060ca34,{Callstack_Depth_Attack_Vulnerability},True,True
tests/bins/0_8/01_SingleMutexFold_safe1/C.hex,oyente+-060ca34,{Callstack_Depth_Attack_Vulnerability},False,True
tests/bins/0_8/17_Rari_ree1/A.hex,oyente+-060ca34,{Callstack_Depth_Attack_Vulnerability},True,True
tests/bins/0_8/17_Rari_safe1/A.hex,oyente+-060ca34,{Callstack_Depth_Attack_Vulnerability},False,True
tests/bins/0_8/17_Rari_ree1/B.hex,oyente+-060ca34,{},True,False
tests/bins/0_8/17_Rari_safe2/B.hex,oyente+-060ca34,{},False,False
tests/bins/0_8/18_RariStaticcall_ree1/B.hex,oyente+-060ca34,{},True,False
tests/bins/0_8/18_RariStaticcall_safe1/B.hex,oyente+-060ca34,{},False,False
tests/bins/0_8/00_BasicCall_ree1/C.hex,oyente+-060ca34,{Callstack_Depth_Attack_Vulnerability},True,True
tests/bins/0_8/14_SidefxInline_ree1/C.hex,oyente+-060ca34,{},True,False
tests/bins/0_8/15_LoopCrossMod_ree1/C.hex,oyente+-060ca34,{Callstack_Depth_Attack_Vulnerability},True,True
tests/bins/0_8/15_LoopCrossMod_ree2/C.hex,oyente+-060ca34,{Callstack_Depth_Attack_Vulnerability},True,True
tests/bins/0_8/15_LoopCrossMod_safe1/C.hex,oyente+-060ca34,{Callstack_Depth_Attack_Vulnerability},False,True
tests/bins/0_8/15_LoopCrossMutex_ree1/C.hex,oyente+-060ca34,{Callstack_Depth_Attack_Vulnerability},True,True
tests/bins/0_8/15_LoopCrossMutex_safe1/C.hex,oyente+-060ca34,{Callstack_Depth_Attack_Vulnerability},False,True
tests/bins/0_8/15_Loop_safe1/C.hex,oyente+-060ca34,{Callstack_Depth_Attack_Vulnerability},False,True
tests/bins/0_8/16_DelegateCall_ree2/C.hex,oyente+-060ca34,{},True,False
tests/bins/0_8/16_DelegateCall_ree3/C.hex,oyente+-060ca34,{},True,False
tests/bins/0_8/19_HumanFold_ree1/C.hex,oyente+-060ca34,{Callstack_Depth_Attack_Vulnerability},True,True
tests/bins/0_8/19_HumanFold_ree2/C.hex,oyente+-060ca34,{Callstack_Depth_Attack_Vulnerability},True,True
tests/bins/0_8/19_HumanFold_ree3/C.hex,oyente+-060ca34,{Callstack_Depth_Attack_Vulnerability},True,True
tests/bins/0_8/19_Human_ree2/C.hex,oyente+-060ca34,{Callstack_Depth_Attack_Vulnerability},True,True
tests/bins/0_8/19_Human_ree3/C.hex,oyente+-060ca34,{Callstack_Depth_Attack_Vulnerability},True,True
tests/bins/0_8/19_Human_ree4/C.hex,oyente+-060ca34,{Callstack_Depth_Attack_Vulnerability},True,True
tests/bins/0_8/19_Human_safe1/C.hex,oyente+-060ca34,{Callstack_Depth_Attack_Vulnerability},False,True
tests/bins/0_8/19_Human_safe2/C.hex,oyente+-060ca34,{Callstack_Depth_Attack_Vulnerability},False,True
tests/bins/0_8/00_BasicNoChecks_ree1/C.hex,oyente+-060ca34,{Callstack_Depth_Attack_Vulnerability},True,True
tests/bins/0_8/00_BasicNoChecks_safe1/C.hex,oyente+-060ca34,{Callstack_Depth_Attack_Vulnerability},False,True
tests/bins/0_8/00_BasicStaticcall_safe1/C.hex,oyente+-060ca34,{},False,False
tests/bins/0_8/00_BasicUnchecked_ree1/C.hex,oyente+-060ca34,{Callstack_Depth_Attack_Vulnerability},True,True
tests/bins/0_8/01_SingleMutexFoldSem_safe1/C.hex,oyente+-060ca34,{Callstack_Depth_Attack_Vulnerability},False,True
tests/bins/0_8/01_SingleMutexFold_ree1/C.hex,oyente+-060ca34,{Callstack_Depth_Attack_Vulnerability},True,True
tests/bins/0_8/01_SingleMutexFold_ree2/C.hex,oyente+-060ca34,{Callstack_Depth_Attack_Vulnerability},True,True
tests/bins/0_8/01_SingleMutexFold_safe1/C.hex,oyente+-060ca34,{Callstack_Depth_Attack_Vulnerability},False,True
tests/bins/0_8/01_SingleMutex_safe1/C.hex,oyente+-060ca34,{Callstack_Depth_Attack_Vulnerability},False,True
tests/bins/0_8/01_SingleMutex_safe2/C.hex,oyente+-060ca34,{Callstack_Depth_Attack_Vulnerability},False,True
tests/bins/0_8/00_BasicConst_ree1/C.hex,oyente+-060ca34,{Callstack_Depth_Attack_Vulnerability},True,True
tests/bins/0_8/02_CrossMutexSem_ree1/C.hex,oyente+-060ca34,{Callstack_Depth_Attack_Vulnerability},True,True
tests/bins/0_8/02_CrossMutexUnchecked_safe1/C.hex,oyente+-060ca34,{Callstack_Depth_Attack_Vulnerability},False,True
tests/bins/0_8/02_CrossMutex_ree1/C.hex,oyente+-060ca34,{Callstack_Depth_Attack_Vulnerability},True,True
tests/bins/0_8/02_CrossMutex_ree2/C.hex,oyente+-060ca34,{Callstack_Depth_Attack_Vulnerability},True,True
tests/bins/0_8/02_CrossMutex_safe2/C.hex,oyente+-060ca34,{Callstack_Depth_Attack_Vulnerability},False,True
tests/bins/0_8/03_SingleModFoldSem_ree1/C.hex,oyente+-060ca34,{Callstack_Depth_Attack_Vulnerability},True,True
tests/bins/0_8/03_SingleModFoldSem_safe1/C.hex,oyente+-060ca34,{Callstack_Depth_Attack_Vulnerability},False,True
tests/bins/0_8/00_BasicConst_safe1/C.hex,oyente+-060ca34,{Callstack_Depth_Attack_Vulnerability},False,True
tests/bins/0_8/03_SingleModFold_ree3/C.hex,oyente+-060ca34,{Callstack_Depth_Attack_Vulnerability},True,True
tests/bins/0_8/03_SingleModSem_ree1/C.hex,oyente+-060ca34,{Callstack_Depth_Attack_Vulnerability},True,True
tests/bins/0_8/03_SingleModSem_safe1/C.hex,oyente+-060ca34,{Callstack_Depth_Attack_Vulnerability},False,True
tests/bins/0_8/03_SingleMod_ree1/C.hex,oyente+-060ca34,{Callstack_Depth_Attack_Vulnerability},True,True
tests/bins/0_8/03_SingleMod_ree2/C.hex,oyente+-060ca34,{Callstack_Depth_Attack_Vulnerability},True,True
tests/bins/0_8/03_SingleMod_safe1/C.hex,oyente+-060ca34,{Callstack_Depth_Attack_Vulnerability},False,True
tests/bins/0_8/03_SingleMod_safe2/C.hex,oyente+-060ca34,{Callstack_Depth_Attack_Vulnerability},False,True
tests/bins/0_8/04_CrossModFoldSem_safe1/C.hex,oyente+-060ca34,{Callstack_Depth_Attack_Vulnerability},False,True
tests/bins/0_8/04_CrossModFold_ree1/C.hex,oyente+-060ca34,{Callstack_Depth_Attack_Vulnerability},True,True
tests/bins/0_8/04_CrossModFold_ree3/C.hex,oyente+-060ca34,{Callstack_Depth_Attack_Vulnerability},True,True
tests/bins/0_8/04_CrossMod_ree1/C.hex,oyente+-060ca34,{Callstack_Depth_Attack_Vulnerability},True,True
tests/bins/0_8/04_CrossMod_ree2/C.hex,oyente+-060ca34,{Callstack_Depth_Attack_Vulnerability},True,True
tests/bins/0_8/04_CrossMod_ree3/C.hex,oyente+-060ca34,{Callstack_Depth_Attack_Vulnerability},True,True
tests/bins/0_8/00_BasicEmit_ree1/C.hex,oyente+-060ca34,{Callstack_Depth_Attack_Vulnerability},True,True
tests/bins/0_8/04_CrossMod_ree5/C.hex,oyente+-060ca34,{Callstack_Depth_Attack_Vulnerability},True,True
tests/bins/0_8/04_CrossMod_safe1/C.hex,oyente+-060ca34,{Callstack_Depth_Attack_Vulnerability},False,True
tests/bins/0_8/04_CrossMod_safe3/C.hex,oyente+-060ca34,{Callstack_Depth_Attack_Vulnerability},False,True
tests/bins/0_8/05_SingleSendEmitUnchecked_safe1/C.hex,oyente+-060ca34,{Callstack_Depth_Attack_Vulnerability},False,True
tests/bins/0_8/05_SingleSendUnchecked_safe1/C.hex,oyente+-060ca34,{Callstack_Depth_Attack_Vulnerability},False,True
tests/bins/0_8/05_SingleSend_safe1/C.hex,oyente+-060ca34,{Callstack_Depth_Attack_Vulnerability},False,True
tests/bins/0_8/05_SingleSend_safe2/C.hex,oyente+-060ca34,{Callstack_Depth_Attack_Vulnerability},False,True
tests/bins/0_8/05_SingleSend_safe3/C.hex,oyente+-060ca34,{Callstack_Depth_Attack_Vulnerability},False,True
tests/bins/0_8/06_SingleTransferUnchecked_safe1/C.hex,oyente+-060ca34,{},False,False
tests/bins/0_8/07_MixedTransferEmit_ree1/C.hex,oyente+-060ca34,{Callstack_Depth_Attack_Vulnerability},True,True
tests/bins/0_8/07_MixedTransfer_ree1/C.hex,oyente+-060ca34,{Callstack_Depth_Attack_Vulnerability},True,True
tests/bins/0_8/08_MixedSendFoldEmit_ree1/C.hex,oyente+-060ca34,{Callstack_Depth_Attack_Vulnerability},True,True
tests/bins/0_8/08_MixedSendFoldEmit_safe1/C.hex,oyente+-060ca34,{Callstack_Depth_Attack_Vulnerability},False,True
tests/bins/0_8/00_BasicError_ree1/C.hex,oyente+-060ca34,{Callstack_Depth_Attack_Vulnerability},True,True
tests/bins/0_8/08_MixedSendFold_ree1/C.hex,oyente+-060ca34,{Callstack_Depth_Attack_Vulnerability},True,True
tests/bins/0_8/08_MixedSendFold_safe1/C.hex,oyente+-060ca34,{Callstack_Depth_Attack_Vulnerability},False,True
tests/bins/0_8/08_MixedSend_ree1/C.hex,oyente+-060ca34,{Callstack_Depth_Attack_Vulnerability},True,True
tests/bins/0_8/09_ERC20DDMod_ree2/C.hex,oyente+-060ca34,{},True,False
tests/bins/0_8/09_ERC20DDMod_safe1/C.hex,oyente+-060ca34,{},False,False
tests/bins/0_8/09_ERC20DDSubMod_ree2/C.hex,oyente+-060ca34,{},True,False
tests/bins/0_8/09_ERC20DD_ree1/C.hex,oyente+-060ca34,{},True,False
tests/bins/0_8/09_ERC20DD_safe1/C.hex,oyente+-060ca34,{},False,False
tests/bins/0_8/09_ERC20OnlyOnce_safe1/C.hex,oyente+-060ca34,{},False,False
tests/bins/0_8/09_ERC20OnlyOnce_safe2/C.hex,oyente+-060ca34,{},False,False
tests/bins/0_8/09_ERC20_safe3/C.hex,oyente+-060ca34,{},False,False
tests/bins/0_8/13_OnlyOwner_ree1/ControlledPayout.hex,oyente+-060ca34,{Callstack_Depth_Attack_Vulnerability},True,True
tests/bins/0_8/13_OnlyOwner_safe1/ControlledPayout.hex,oyente+-060ca34,{Callstack_Depth_Attack_Vulnerability},False,True
tests/bins/0_8/17_Rari_ree1/IAlpha.hex,oyente+-060ca34,{},True,False
tests/bins/0_8/17_Rari_ree2/IAlpha.hex,oyente+-060ca34,{},True,False
tests/bins/0_8/17_Rari_safe1/IAlpha.hex,oyente+-060ca34,{},False,False
tests/bins/0_8/17_Rari_safe2/IAlpha.hex,oyente+-060ca34,{},False,False
tests/bins/0_8/18_RariStaticcall_ree1/IAlpha.hex,oyente+-060ca34,{},True,False
tests/bins/0_8/09_ERC20DD_ree1/IERC20.hex,oyente+-060ca34,{},True,False
tests/bins/0_8/09_ERC20DD_safe1/IERC20.hex,oyente+-060ca34,{},False,False
tests/bins/0_8/09_ERC20OnlyOnce_ree1/IERC20.hex,oyente+-060ca34,{},True,False
tests/bins/0_8/09_ERC20OnlyOnce_safe1/IERC20.hex,oyente+-060ca34,{},False,False
tests/bins/0_8/09_ERC20Staticcall_ree1/IERC20.hex,oyente+-060ca34,{},True,False
tests/bins/0_8/09_ERC20_ree1/IERC20.hex,oyente+-060ca34,{},True,False
tests/bins/0_8/09_ERC20_safe1/IERC20.hex,oyente+-060ca34,{},False,False
tests/bins/0_8/09_ERC20_safe2/IERC20.hex,oyente+-060ca34,{},False,False
tests/bins/0_8/09_ERC20DDMod_ree2/IERC20.hex,oyente+-060ca34,{},True,False
tests/bins/0_8/11_ERC20StakingPullMod_ree2/IERC20.hex,oyente+-060ca34,{},True,False
tests/bins/0_8/11_ERC20Staking_ree3/IERC20.hex,oyente+-060ca34,{},True,False
tests/bins/0_8/09_ERC20DDMod_ree3/IERC20.hex,oyente+-060ca34,{},True,False
tests/bins/0_8/11_ERC20Staking_safe1/IERC20.hex,oyente+-060ca34,{},False,False
tests/bins/0_8/09_ERC20DDSubMod_ree2/IERC20.hex,oyente+-060ca34,{},True,False
tests/bins/0_8/09_ERC20DDSubMod_ree3/IERC20.hex,oyente+-060ca34,{},True,False
tests/bins/0_8/17_Rari_ree1/IRari.hex,oyente+-060ca34,{},True,False
tests/bins/0_8/18_RariStaticcall_ree1/IRari.hex,oyente+-060ca34,{},True,False
tests/bins/0_8/18_RariStaticcall_safe1/IRari.hex,oyente+-060ca34,{},False,False
tests/bins/0_8/17_Rari_ree1/IStrategy.hex,oyente+-060ca34,{},True,False
tests/bins/0_8/17_Rari_safe1/IStrategy.hex,oyente+-060ca34,{},False,False
tests/bins/0_8/18_RariStaticcall_ree1/IStrategy.hex,oyente+-060ca34,{},True,False
tests/bins/0_8/18_RariStaticcall_safe1/IStrategy.hex,oyente+-060ca34,{},False,False
tests/bins/0_8/09_ERC20Staticcall_ree1/MiniToken.hex,oyente+-060ca34,{},True,False
tests/bins/0_8/09_ERC20_ree1/MiniToken.hex,oyente+-060ca34,{},True,False
tests/bins/0_8/09_ERC20_safe1/MiniToken.hex,oyente+-060ca34,{},False,False
tests/bins/0_8/09_ERC20_safe2/MiniToken.hex,oyente+-060ca34,{},False,False
tests/bins/0_8/09_ERC20DDSubMod_ree1/MyERC20.hex,oyente+-060ca34,{},True,False
tests/bins/0_8/09_ERC20DDSubMod_ree2/MyERC20.hex,oyente+-060ca34,{},True,False
tests/bins/0_8/09_ERC20DDSubMod_ree3/MyERC20.hex,oyente+-060ca34,{},True,False
tests/bins/0_8/09_ERC20DDSubMod_safe1/MyERC20.hex,oyente+-060ca34,{},False,False
tests/bins/0_8/09_ERC20DDSub_ree1/MyERC20.hex,oyente+-060ca34,{},True,False
tests/bins/0_8/09_ERC20DDSub_safe1/MyERC20.hex,oyente+-060ca34,{},False,False
tests/bins/0_8/12_ProxyStaticcall_safe1/Proxy.hex,oyente+-060ca34,{},False,False
tests/bins/0_8/14_SidefxInline_ree1/SomeInterface.hex,oyente+-060ca34,{},True,False
tests/bins/0_8/14_SidefxInline_safe1/SomeInterface.hex,oyente+-060ca34,{},False,False
tests/bins/0_8/11_ERC20StakingPullMod_ree1/StakableToken.hex,oyente+-060ca34,{},True,False
tests/bins/0_8/11_ERC20Staking_safe1/StakableToken.hex,oyente+-060ca34,{},False,False
tests/bins/0_8/11_ERC20StakingPull_safe1/StakableToken.hex,oyente+-060ca34,{},False,False
tests/bins/0_8/11_ERC20Staking_ree2/StakableToken.hex,oyente+-060ca34,{},True,False
tests/bins/0_8/11_ERC20Staking_ree3/StakableToken.hex,oyente+-060ca34,{},True,False
tests/bins/0_8/17_Rari_ree1/A.hex,oyente+-060ca34,{Callstack_Depth_Attack_Vulnerability},True,True
tests/bins/0_8/17_Rari_ree2/A.hex,oyente+-060ca34,{Callstack_Depth_Attack_Vulnerability},True,True
tests/bins/0_8/17_Rari_safe1/A.hex,oyente+-060ca34,{Callstack_Depth_Attack_Vulnerability},False,True
tests/bins/0_8/17_Rari_safe2/A.hex,oyente+-060ca34,{Callstack_Depth_Attack_Vulnerability},False,True
tests/bins/0_8/18_RariStaticcall_ree1/A.hex,oyente+-060ca34,{Callstack_Depth_Attack_Vulnerability},True,True
tests/bins/0_8/18_RariStaticcall_safe1/A.hex,oyente+-060ca34,{Callstack_Depth_Attack_Vulnerability},False,True
tests/bins/0_8/17_Rari_ree1/B.hex,oyente+-060ca34,{},True,False
tests/bins/0_8/17_Rari_ree2/B.hex,oyente+-060ca34,{},True,False
tests/bins/0_8/17_Rari_safe1/B.hex,oyente+-060ca34,{},False,False
tests/bins/0_8/17_Rari_safe2/B.hex,oyente+-060ca34,{},False,False
tests/bins/0_8/18_RariStaticcall_ree1/B.hex,oyente+-060ca34,{},True,False
tests/bins/0_8/18_RariStaticcall_safe1/B.hex,oyente+-060ca34,{},False,False
tests/bins/0_8/00_BasicCall_ree1/C.hex,oyente+-060ca34,{Callstack_Depth_Attack_Vulnerability},True,True
tests/bins/0_8/00_BasicFold_ree1/C.hex,oyente+-060ca34,{Callstack_Depth_Attack_Vulnerability},True,True
tests/bins/0_8/10_OnlyOnce_safe1/C.hex,oyente+-060ca34,{Callstack_Depth_Attack_Vulnerability},False,True
tests/bins/0_8/10_OnlyOnce_safe2/C.hex,oyente+-060ca34,{Callstack_Depth_Attack_Vulnerability},False,True
tests/bins/0_8/14_SidefxInline_ree1/C.hex,oyente+-060ca34,{},True,False
tests/bins/0_8/14_SidefxInline_safe1/C.hex,oyente+-060ca34,{},False,False
tests/bins/0_8/15_LoopCrossMod_ree1/C.hex,oyente+-060ca34,{Callstack_Depth_Attack_Vulnerability},True,True
tests/bins/0_8/15_LoopCrossMod_ree2/C.hex,oyente+-060ca34,{Callstack_Depth_Attack_Vulnerability},True,True
tests/bins/0_8/15_LoopCrossMod_ree3/C.hex,oyente+-060ca34,{Callstack_Depth_Attack_Vulnerability},True,True
tests/bins/0_8/15_LoopCrossMod_safe1/C.hex,oyente+-060ca34,{Callstack_Depth_Attack_Vulnerability},False,True
tests/bins/0_8/15_LoopCrossMutex_ree1/C.hex,oyente+-060ca34,{Callstack_Depth_Attack_Vulnerability},True,True
tests/bins/0_8/15_LoopCrossMutex_safe1/C.hex,oyente+-060ca34,{Callstack_Depth_Attack_Vulnerability},False,True
tests/bins/0_8/00_BasicFold_ree2/C.hex,oyente+-060ca34,{Callstack_Depth_Attack_Vulnerability},True,True
tests/bins/0_8/15_LoopCrossMutex_safe2/C.hex,oyente+-060ca34,{Callstack_Depth_Attack_Vulnerability},False,True
tests/bins/0_8/15_Loop_ree1/C.hex,oyente+-060ca34,{Callstack_Depth_Attack_Vulnerability},True,True
tests/bins/0_8/15_Loop_safe1/C.hex,oyente+-060ca34,{Callstack_Depth_Attack_Vulnerability},False,True
tests/bins/0_8/16_DelegateCall_ree1/C.hex,oyente+-060ca34,{},True,False
tests/bins/0_8/16_DelegateCall_ree2/C.hex,oyente+-060ca34,{},True,False
tests/bins/0_8/16_DelegateCall_ree3/C.hex,oyente+-060ca34,{},True,False
tests/bins/0_8/16_DelegateCall_safe1/C.hex,oyente+-060ca34,{},False,False
tests/bins/0_8/19_HumanFold_ree1/C.hex,oyente+-060ca34,{Callstack_Depth_Attack_Vulnerability},True,True
tests/bins/0_8/19_HumanFold_ree2/C.hex,oyente+-060ca34,{Callstack_Depth_Attack_Vulnerability},True,True
tests/bins/0_8/19_HumanFold_ree3/C.hex,oyente+-060ca34,{Callstack_Depth_Attack_Vulnerability},True,True
tests/bins/0_8/00_BasicFold_safe1/C.hex,oyente+-060ca34,{Callstack_Depth_Attack_Vulnerability},False,True
tests/bins/0_8/19_HumanFold_safe1/C.hex,oyente+-060ca34,{Callstack_Depth_Attack_Vulnerability},False,True
tests/bins/0_8/19_Human_ree2/C.hex,oyente+-060ca34,{Callstack_Depth_Attack_Vulnerability},True,True
tests/bins/0_8/19_Human_ree3/C.hex,oyente+-060ca34,{Callstack_Depth_Attack_Vulnerability},True,True
tests/bins/0_8/19_Human_ree4/C.hex,oyente+-060ca34,{Callstack_Depth_Attack_Vulnerability},True,True
tests/bins/0_8/19_Human_safe1/C.hex,oyente+-060ca34,{Callstack_Depth_Attack_Vulnerability},False,True
tests/bins/0_8/19_Human_safe2/C.hex,oyente+-060ca34,{Callstack_Depth_Attack_Vulnerability},False,True
tests/bins/0_8/19_Human_safe3/C.hex,oyente+-060ca34,{Callstack_Depth_Attack_Vulnerability},False,True
tests/bins/0_8/00_BasicFold_safe2/C.hex,oyente+-060ca34,{Callstack_Depth_Attack_Vulnerability},False,True
tests/bins/0_8/00_BasicNoCall_safe1/C.hex,oyente+-060ca34,{},False,False
tests/bins/0_8/00_BasicNoChecks_safe1/C.hex,oyente+-060ca34,{Callstack_Depth_Attack_Vulnerability},False,True
tests/bins/0_8/00_BasicStaticcall_safe1/C.hex,oyente+-060ca34,{},False,False
tests/bins/0_8/00_BasicUnchecked_ree1/C.hex,oyente+-060ca34,{Callstack_Depth_Attack_Vulnerability},True,True
tests/bins/0_8/00_BasicUnchecked_safe1/C.hex,oyente+-060ca34,{Callstack_Depth_Attack_Vulnerability},False,True
tests/bins/0_8/00_BasicCall_safe1/C.hex,oyente+-060ca34,{Callstack_Depth_Attack_Vulnerability},False,True
tests/bins/0_8/01_SingleMutexFoldSem_ree1/C.hex,oyente+-060ca34,{Callstack_Depth_Attack_Vulnerability},True,True
tests/bins/0_8/01_SingleMutexFoldSem_safe1/C.hex,oyente+-060ca34,{Callstack_Depth_Attack_Vulnerability},False,True
tests/bins/0_8/01_SingleMutexFold_ree1/C.hex,oyente+-060ca34,{Callstack_Depth_Attack_Vulnerability},True,True
tests/bins/0_8/01_SingleMutexFold_ree2/C.hex,oyente+-060ca34,{Callstack_Depth_Attack_Vulnerability},True,True
tests/bins/0_8/01_SingleMutexFold_ree3/C.hex,oyente+-060ca34,{Callstack_Depth_Attack_Vulnerability},True,True
tests/bins/0_8/01_SingleMutexFold_safe1/C.hex,oyente+-060ca34,{Callstack_Depth_Attack_Vulnerability},False,True
tests/bins/0_8/01_SingleMutex_ree1/C.hex,oyente+-060ca34,{Callstack_Depth_Attack_Vulnerability},True,True
tests/bins/0_8/01_SingleMutex_ree2/C.hex,oyente+-060ca34,{Callstack_Depth_Attack_Vulnerability},True,True
tests/bins/0_8/01_SingleMutex_safe1/C.hex,oyente+-060ca34,{Callstack_Depth_Attack_Vulnerability},False,True
tests/bins/0_8/01_SingleMutex_safe2/C.hex,oyente+-060ca34,{Callstack_Depth_Attack_Vulnerability},False,True
tests/bins/0_8/00_BasicConst_ree1/C.hex,oyente+-060ca34,{Callstack_Depth_Attack_Vulnerability},True,True
tests/bins/0_8/02_CrossMutexSem_ree1/C.hex,oyente+-060ca34,{Callstack_Depth_Attack_Vulnerability},True,True
tests/bins/0_8/02_CrossMutexSem_safe1/C.hex,oyente+-060ca34,{Callstack_Depth_Attack_Vulnerability},False,True
tests/bins/0_8/02_CrossMutexUnchecked_ree1/C.hex,oyente+-060ca34,{Callstack_Depth_Attack_Vulnerability},True,True
tests/bins/0_8/02_CrossMutexUnchecked_safe1/C.hex,oyente+-060ca34,{Callstack_Depth_Attack_Vulnerability},False,True
tests/bins/0_8/02_CrossMutex_ree2/C.hex,oyente+-060ca34,{Callstack_Depth_Attack_Vulnerability},True,True
tests/bins/0_8/02_CrossMutex_safe1/C.hex,oyente+-060ca34,{Callstack_Depth_Attack_Vulnerability},False,True
tests/bins/0_8/02_CrossMutex_safe2/C.hex,oyente+-060ca34,{Callstack_Depth_Attack_Vulnerability},False,True
tests/bins/0_8/03_SingleModFoldSem_ree1/C.hex,oyente+-060ca34,{Callstack_Depth_Attack_Vulnerability},True,True
tests/bins/0_8/03_SingleModFoldSem_safe1/C.hex,oyente+-060ca34,{Callstack_Depth_Attack_Vulnerability},False,True
tests/bins/0_8/00_BasicConst_safe1/C.hex,oyente+-060ca34,{Callstack_Depth_Attack_Vulnerability},False,True
tests/bins/0_8/03_SingleModFold_ree1/C.hex,oyente+-060ca34,{Callstack_Depth_Attack_Vulnerability},True,True
tests/bins/0_8/03_SingleModFold_ree3/C.hex,oyente+-060ca34,{Callstack_Depth_Attack_Vulnerability},True,True
tests/bins/0_8/03_SingleModFold_safe1/C.hex,oyente+-060ca34,{Callstack_Depth_Attack_Vulnerability},False,True
tests/bins/0_8/03_SingleModSem_ree1/C.hex,oyente+-060ca34,{Callstack_Depth_Attack_Vulnerability},True,True
tests/bins/0_8/03_SingleModSem_safe1/C.hex,oyente+-060ca34,{Callstack_Depth_Attack_Vulnerability},False,True
tests/bins/0_8/03_SingleMod_ree1/C.hex,oyente+-060ca34,{Callstack_Depth_Attack_Vulnerability},True,True
tests/bins/0_8/03_SingleMod_ree2/C.hex,oyente+-060ca34,{Callstack_Depth_Attack_Vulnerability},True,True
tests/bins/0_8/03_SingleMod_ree3/C.hex,oyente+-060ca34,{Callstack_Depth_Attack_Vulnerability},True,True
tests/bins/0_8/03_SingleMod_safe1/C.hex,oyente+-060ca34,{Callstack_Depth_Attack_Vulnerability},False,True
tests/bins/0_8/00_BasicCross_ree1/C.hex,oyente+-060ca34,{Callstack_Depth_Attack_Vulnerability},True,True
tests/bins/0_8/03_SingleMod_safe2/C.hex,oyente+-060ca34,{Callstack_Depth_Attack_Vulnerability},False,True
tests/bins/0_8/04_CrossModFoldSem_safe1/C.hex,oyente+-060ca34,{Callstack_Depth_Attack_Vulnerability},False,True
tests/bins/0_8/04_CrossModFold_ree1/C.hex,oyente+-060ca34,{Callstack_Depth_Attack_Vulnerability},True,True
tests/bins/0_8/04_CrossModFold_ree2/C.hex,oyente+-060ca34,{Callstack_Depth_Attack_Vulnerability},True,True
tests/bins/0_8/04_CrossModFold_ree3/C.hex,oyente+-060ca34,{Callstack_Depth_Attack_Vulnerability},True,True
tests/bins/0_8/04_CrossModFold_safe1/C.hex,oyente+-060ca34,{Callstack_Depth_Attack_Vulnerability},False,True
tests/bins/0_8/04_CrossMod_ree1/C.hex,oyente+-060ca34,{Callstack_Depth_Attack_Vulnerability},True,True
tests/bins/0_8/04_CrossMod_ree2/C.hex,oyente+-060ca34,{Callstack_Depth_Attack_Vulnerability},True,True
tests/bins/0_8/04_CrossMod_ree3/C.hex,oyente+-060ca34,{Callstack_Depth_Attack_Vulnerability},True,True
tests/bins/0_8/04_CrossMod_ree4/C.hex,oyente+-060ca34,{Callstack_Depth_Attack_Vulnerability},True,True
tests/bins/0_8/00_BasicEmit_ree1/C.hex,oyente+-060ca34,{Callstack_Depth_Attack_Vulnerability},True,True
tests/bins/0_8/04_CrossMod_ree5/C.hex,oyente+-060ca34,{Callstack_Depth_Attack_Vulnerability},True,True
tests/bins/0_8/04_CrossMod_safe1/C.hex,oyente+-060ca34,{Callstack_Depth_Attack_Vulnerability},False,True
tests/bins/0_8/04_CrossMod_safe2/C.hex,oyente+-060ca34,{Callstack_Depth_Attack_Vulnerability},False,True
tests/bins/0_8/04_CrossMod_safe3/C.hex,oyente+-060ca34,{Callstack_Depth_Attack_Vulnerability},False,True
tests/bins/0_8/05_SingleSendEmitUnchecked_safe1/C.hex,oyente+-060ca34,{Callstack_Depth_Attack_Vulnerability},False,True
tests/bins/0_8/05_SingleSendEmit_safe1/C.hex,oyente+-060ca34,{Callstack_Depth_Attack_Vulnerability},False,True
tests/bins/0_8/05_SingleSendUnchecked_safe1/C.hex,oyente+-060ca34,{Callstack_Depth_Attack_Vulnerability},False,True
tests/bins/0_8/05_SingleSend_safe1/C.hex,oyente+-060ca34,{Callstack_Depth_Attack_Vulnerability},False,True
tests/bins/0_8/05_SingleSend_safe2/C.hex,oyente+-060ca34,{Callstack_Depth_Attack_Vulnerability},False,True
tests/bins/0_8/05_SingleSend_safe3/C.hex,oyente+-060ca34,{Callstack_Depth_Attack_Vulnerability},False,True
tests/bins/0_8/00_BasicEmit_safe1/C.hex,oyente+-060ca34,{Callstack_Depth_Attack_Vulnerability},False,True
tests/bins/0_8/06_SingleTransferUnchecked_safe1/C.hex,oyente+-060ca34,{},False,False
tests/bins/0_8/06_SingleTransferUnchecked_safe2/C.hex,oyente+-060ca34,{},False,False
tests/bins/0_8/06_SingleTransfer_safe1/C.hex,oyente+-060ca34,{},False,False
tests/bins/0_8/06_SingleTransfer_safe2/C.hex,oyente+-060ca34,{},False,False
tests/bins/0_8/07_MixedTransferEmit_ree1/C.hex,oyente+-060ca34,{Callstack_Depth_Attack_Vulnerability},True,True
tests/bins/0_8/07_MixedTransferEmit_safe1/C.hex,oyente+-060ca34,{Callstack_Depth_Attack_Vulnerability},False,True
tests/bins/0_8/07_MixedTransfer_ree1/C.hex,oyente+-060ca34,{Callstack_Depth_Attack_Vulnerability},True,True
tests/bins/0_8/07_MixedTransfer_safe1/C.hex,oyente+-060ca34,{Callstack_Depth_Attack_Vulnerability},False,True
tests/bins/0_8/08_MixedSendFoldEmit_ree1/C.hex,oyente+-060ca34,{Callstack_Depth_Attack_Vulnerability},True,True
tests/bins/0_8/08_MixedSendFoldEmit_safe1/C.hex,oyente+-060ca34,{Callstack_Depth_Attack_Vulnerability},False,True
tests/bins/0_8/00_BasicError_ree1/C.hex,oyente+-060ca34,{Callstack_Depth_Attack_Vulnerability},True,True
tests/bins/0_8/08_MixedSendFold_ree1/C.hex,oyente+-060ca34,{Callstack_Depth_Attack_Vulnerability},True,True
tests/bins/0_8/08_MixedSendFold_safe1/C.hex,oyente+-060ca34,{Callstack_Depth_Attack_Vulnerability},False,True
tests/bins/0_8/08_MixedSend_ree1/C.hex,oyente+-060ca34,{Callstack_Depth_Attack_Vulnerability},True,True
tests/bins/0_8/08_MixedSend_safe1/C.hex,oyente+-060ca34,{Callstack_Depth_Attack_Vulnerability},False,True
tests/bins/0_8/09_ERC20DDMod_ree1/C.hex,oyente+-060ca34,{},True,False
tests/bins/0_8/09_ERC20DDMod_ree2/C.hex,oyente+-060ca34,{},True,False
tests/bins/0_8/09_ERC20DDMod_ree3/C.hex,oyente+-060ca34,{},True,False
tests/bins/0_8/09_ERC20DDMod_safe1/C.hex,oyente+-060ca34,{},False,False
tests/bins/0_8/09_ERC20DDSubMod_ree1/C.hex,oyente+-060ca34,{},True,False
tests/bins/0_8/09_ERC20DDSubMod_ree2/C.hex,oyente+-060ca34,{},True,False
tests/bins/0_8/00_BasicError_safe1/C.hex,oyente+-060ca34,{Callstack_Depth_Attack_Vulnerability},False,True
tests/bins/0_8/09_ERC20DDSubMod_ree3/C.hex,oyente+-060ca34,{},True,False
tests/bins/0_8/09_ERC20DDSubMod_safe1/C.hex,oyente+-060ca34,{},False,False
tests/bins/0_8/09_ERC20DDSub_ree1/C.hex,oyente+-060ca34,{},True,False
tests/bins/0_8/09_ERC20DDSub_safe1/C.hex,oyente+-060ca34,{},False,False
tests/bins/0_8/09_ERC20DD_safe1/C.hex,oyente+-060ca34,{},False,False
tests/bins/0_8/09_ERC20OnlyOnce_ree1/C.hex,oyente+-060ca34,{},True,False
tests/bins/0_8/09_ERC20OnlyOnce_safe1/C.hex,oyente+-060ca34,{},False,False
tests/bins/0_8/09_ERC20OnlyOnce_safe2/C.hex,oyente+-060ca34,{},False,False
tests/bins/0_8/09_ERC20_safe3/C.hex,oyente+-060ca34,{},False,False
tests/bins/0_8/13_OnlyOwner_ree1/ControlledPayout.hex,oyente+-060ca34,{Callstack_Depth_Attack_Vulnerability},True,True
tests/bins/0_8/13_OnlyOwner_safe1/ControlledPayout.hex,oyente+-060ca34,{Callstack_Depth_Attack_Vulnerability},False,True
tests/bins/0_8/17_Rari_ree1/IAlpha.hex,oyente+-060ca34,{},True,False
tests/bins/0_8/17_Rari_ree2/IAlpha.hex,oyente+-060ca34,{},True,False
tests/bins/0_8/17_Rari_safe1/IAlpha.hex,oyente+-060ca34,{},False,False
tests/bins/0_8/17_Rari_safe2/IAlpha.hex,oyente+-060ca34,{},False,False
tests/bins/0_8/18_RariStaticcall_ree1/IAlpha.hex,oyente+-060ca34,{},True,False
tests/bins/0_8/18_RariStaticcall_safe1/IAlpha.hex,oyente+-060ca34,{},False,False
tests/bins/0_8/09_ERC20DDSub_safe1/IERC20.hex,oyente+-060ca34,{},False,False
tests/bins/0_8/09_ERC20DD_ree1/IERC20.hex,oyente+-060ca34,{},True,False
tests/bins/0_8/09_ERC20DD_safe1/IERC20.hex,oyente+-060ca34,{},False,False
tests/bins/0_8/09_ERC20OnlyOnce_ree1/IERC20.hex,oyente+-060ca34,{},True,False
tests/bins/0_8/09_ERC20OnlyOnce_safe1/IERC20.hex,oyente+-060ca34,{},False,False
tests/bins/0_8/09_ERC20OnlyOnce_safe2/IERC20.hex,oyente+-060ca34,{},False,False
tests/bins/0_8/09_ERC20Staticcall_ree1/IERC20.hex,oyente+-060ca34,{},True,False
tests/bins/0_8/09_ERC20_ree1/IERC20.hex,oyente+-060ca34,{},True,False
tests/bins/0_8/09_ERC20_safe1/IERC20.hex,oyente+-060ca34,{},False,False
tests/bins/0_8/09_ERC20_safe2/IERC20.hex,oyente+-060ca34,{},False,False
tests/bins/0_8/09_ERC20DDMod_ree2/IERC20.hex,oyente+-060ca34,{},True,False
tests/bins/0_8/09_ERC20_safe3/IERC20.hex,oyente+-060ca34,{},False,False
tests/bins/0_8/11_ERC20StakingPullMod_ree1/IERC20.hex,oyente+-060ca34,{},True,False
tests/bins/0_8/11_ERC20StakingPullMod_ree2/IERC20.hex,oyente+-060ca34,{},True,False
tests/bins/0_8/11_ERC20StakingPull_ree1/IERC20.hex,oyente+-060ca34,{},True,False
tests/bins/0_8/11_ERC20StakingPull_safe1/IERC20.hex,oyente+-060ca34,{},False,False
tests/bins/0_8/11_ERC20StakingPull_safe2/IERC20.hex,oyente+-060ca34,{},False,False
tests/bins/0_8/11_ERC20Staking_ree1/IERC20.hex,oyente+-060ca34,{},True,False
tests/bins/0_8/11_ERC20Staking_ree2/IERC20.hex,oyente+-060ca34,{},True,False
tests/bins/0_8/11_ERC20Staking_ree3/IERC20.hex,oyente+-060ca34,{},True,False
tests/bins/0_8/09_ERC20DDMod_ree3/IERC20.hex,oyente+-060ca34,{},True,False
tests/bins/0_8/11_ERC20Staking_safe1/IERC20.hex,oyente+-060ca34,{},False,False
tests/bins/0_8/11_ERC20Staking_safe2/IERC20.hex,oyente+-060ca34,{},False,False
tests/bins/0_8/11_ERC20Staking_safe3/IERC20.hex,oyente+-060ca34,{},False,False
tests/bins/0_8/09_ERC20DDMod_safe1/IERC20.hex,oyente+-060ca34,{},False,False
tests/bins/0_8/09_ERC20DDSubMod_ree1/IERC20.hex,oyente+-060ca34,{},True,False
tests/bins/0_8/09_ERC20DDSubMod_ree2/IERC20.hex,oyente+-060ca34,{},True,False
tests/bins/0_8/09_ERC20DDSubMod_safe1/IERC20.hex,oyente+-060ca34,{},False,False
tests/bins/0_8/09_ERC20DDSub_ree1/IERC20.hex,oyente+-060ca34,{},True,False
tests/bins/0_8/17_Rari_ree1/IRari.hex,oyente+-060ca34,{},True,False
tests/bins/0_8/17_Rari_ree2/IRari.hex,oyente+-060ca34,{},True,False
tests/bins/0_8/17_Rari_safe1/IRari.hex,oyente+-060ca34,{},False,False
tests/bins/0_8/17_Rari_safe2/IRari.hex,oyente+-060ca34,{},False,False
tests/bins/0_8/18_RariStaticcall_ree1/IRari.hex,oyente+-060ca34,{},True,False
tests/bins/0_8/18_RariStaticcall_safe1/IRari.hex,oyente+-060ca34,{},False,False
tests/bins/0_8/17_Rari_ree1/IStrategy.hex,oyente+-060ca34,{},True,False
tests/bins/0_8/17_Rari_ree2/IStrategy.hex,oyente+-060ca34,{},True,False
tests/bins/0_8/17_Rari_safe1/IStrategy.hex,oyente+-060ca34,{},False,False
tests/bins/0_8/17_Rari_safe2/IStrategy.hex,oyente+-060ca34,{},False,False
tests/bins/0_8/18_RariStaticcall_ree1/IStrategy.hex,oyente+-060ca34,{},True,False
tests/bins/0_8/18_RariStaticcall_safe1/IStrategy.hex,oyente+-060ca34,{},False,False
tests/bins/0_8/09_ERC20Staticcall_ree1/MiniToken.hex,oyente+-060ca34,{},True,False
tests/bins/0_8/09_ERC20_ree1/MiniToken.hex,oyente+-060ca34,{},True,False
tests/bins/0_8/09_ERC20_safe1/MiniToken.hex,oyente+-060ca34,{},False,False
tests/bins/0_8/09_ERC20_safe2/MiniToken.hex,oyente+-060ca34,{},False,False
tests/bins/0_8/09_ERC20DDSubMod_ree1/MyERC20.hex,oyente+-060ca34,{},True,False
tests/bins/0_8/09_ERC20DDSubMod_ree2/MyERC20.hex,oyente+-060ca34,{},True,False
tests/bins/0_8/09_ERC20DDSubMod_ree3/MyERC20.hex,oyente+-060ca34,{},True,False
tests/bins/0_8/09_ERC20DDSubMod_safe1/MyERC20.hex,oyente+-060ca34,{},False,False
tests/bins/0_8/09_ERC20DDSub_ree1/MyERC20.hex,oyente+-060ca34,{},True,False
tests/bins/0_8/09_ERC20DDSub_safe1/MyERC20.hex,oyente+-060ca34,{},False,False
tests/bins/0_8/12_ProxyStaticcall_safe1/Proxy.hex,oyente+-060ca34,{},False,False
tests/bins/0_8/12_Proxy_safe1/Proxy.hex,oyente+-060ca34,{Callstack_Depth_Attack_Vulnerability},False,True
tests/bins/0_8/12_Proxy_safe2/Proxy.hex,oyente+-060ca34,{Callstack_Depth_Attack_Vulnerability},False,True
tests/bins/0_8/14_SidefxInline_ree1/SomeInterface.hex,oyente+-060ca34,{},True,False
tests/bins/0_8/11_ERC20StakingPullMod_ree1/StakableToken.hex,oyente+-060ca34,{},True,False
tests/bins/0_8/11_ERC20Staking_safe1/StakableToken.hex,oyente+-060ca34,{},False,False
tests/bins/0_8/11_ERC20Staking_safe2/StakableToken.hex,oyente+-060ca34,{},False,False
tests/bins/0_8/11_ERC20Staking_safe3/StakableToken.hex,oyente+-060ca34,{},False,False
tests/bins/0_8/11_ERC20StakingPullMod_ree2/StakableToken.hex,oyente+-060ca34,{},True,False
tests/bins/0_8/11_ERC20StakingPullMod_safe1/StakableToken.hex,oyente+-060ca34,{},False,False
tests/bins/0_8/11_ERC20StakingPull_ree1/StakableToken.hex,oyente+-060ca34,{},True,False
tests/bins/0_8/11_ERC20StakingPull_safe1/StakableToken.hex,oyente+-060ca34,{},False,False
tests/bins/0_8/11_ERC20StakingPull_safe2/StakableToken.hex,oyente+-060ca34,{},False,False
tests/bins/0_8/11_ERC20Staking_ree1/StakableToken.hex,oyente+-060ca34,{},True,False
tests/bins/0_8/11_ERC20Staking_ree2/StakableToken.hex,oyente+-060ca34,{},True,False
tests/bins/0_8/11_ERC20Staking_ree3/StakableToken.hex,oyente+-060ca34,{},True,False
tests/bins/0_8/19_Human_ree1/Victim.hex,oyente+-060ca34,{Callstack_Depth_Attack_Vulnerability},True,True
tests/bins/0_8/17_Rari_safe2/B.hex,oyente+-060ca34,{},False,False
tests/bins/0_8/14_SidefxInline_safe1/C.hex,oyente+-060ca34,{},False,False
tests/bins/0_8/15_LoopCrossMod_ree2/C.hex,oyente+-060ca34,{Callstack_Depth_Attack_Vulnerability},True,True
tests/bins/0_8/15_LoopCrossMod_safe1/C.hex,oyente+-060ca34,{Callstack_Depth_Attack_Vulnerability},False,True
tests/bins/0_8/15_LoopCrossMutex_ree1/C.hex,oyente+-060ca34,{Callstack_Depth_Attack_Vulnerability},True,True
tests/bins/0_8/15_LoopCrossMutex_safe1/C.hex,oyente+-060ca34,{Callstack_Depth_Attack_Vulnerability},False,True
tests/bins/0_8/00_BasicFold_safe2/C.hex,oyente+-060ca34,{Callstack_Depth_Attack_Vulnerability},False,True
tests/bins/0_8/00_BasicStaticcall_safe1/C.hex,oyente+-060ca34,{},False,False
tests/bins/0_8/01_SingleMutexFold_ree1/C.hex,oyente+-060ca34,{Callstack_Depth_Attack_Vulnerability},True,True
tests/bins/0_8/02_CrossMutex_safe2/C.hex,oyente+-060ca34,{Callstack_Depth_Attack_Vulnerability},False,True
tests/bins/0_8/03_SingleMod_ree1/C.hex,oyente+-060ca34,{Callstack_Depth_Attack_Vulnerability},True,True
tests/bins/0_8/04_CrossModFold_safe1/C.hex,oyente+-060ca34,{Callstack_Depth_Attack_Vulnerability},False,True
tests/bins/0_8/04_CrossMod_ree5/C.hex,oyente+-060ca34,{Callstack_Depth_Attack_Vulnerability},True,True
tests/bins/0_8/09_ERC20DDMod_safe1/C.hex,oyente+-060ca34,{},False,False
tests/bins/0_8/09_ERC20DDSubMod_safe1/C.hex,oyente+-060ca34,{},False,False
tests/bins/0_8/13_OnlyOwner_safe1/ControlledPayout.hex,oyente+-060ca34,{Callstack_Depth_Attack_Vulnerability},False,True
tests/bins/0_8/18_RariStaticcall_ree1/IAlpha.hex,oyente+-060ca34,{},True,False
tests/bins/0_8/09_ERC20DDSub_safe1/IERC20.hex,oyente+-060ca34,{},False,False
tests/bins/0_8/09_ERC20DD_ree1/IERC20.hex,oyente+-060ca34,{},True,False
tests/bins/0_8/09_ERC20OnlyOnce_safe1/IERC20.hex,oyente+-060ca34,{},False,False
tests/bins/0_8/09_ERC20_safe3/IERC20.hex,oyente+-060ca34,{},False,False
tests/bins/0_8/11_ERC20Staking_ree2/IERC20.hex,oyente+-060ca34,{},True,False
tests/bins/0_8/11_ERC20Staking_safe2/IERC20.hex,oyente+-060ca34,{},False,False
tests/bins/0_8/11_ERC20Staking_safe3/IERC20.hex,oyente+-060ca34,{},False,False
tests/bins/0_8/09_ERC20DDSub_ree1/IERC20.hex,oyente+-060ca34,{},True,False
tests/bins/0_8/17_Rari_safe1/IRari.hex,oyente+-060ca34,{},False,False
tests/bins/0_8/17_Rari_safe2/IRari.hex,oyente+-060ca34,{},False,False
tests/bins/0_8/18_RariStaticcall_safe1/IRari.hex,oyente+-060ca34,{},False,False
tests/bins/0_8/17_Rari_safe1/IStrategy.hex,oyente+-060ca34,{},False,False
tests/bins/0_8/09_ERC20Staticcall_ree1/MiniToken.hex,oyente+-060ca34,{},True,False
tests/bins/0_8/11_ERC20Staking_safe2/StakableToken.hex,oyente+-060ca34,{},False,False
tests/bins/0_8/04_CrossModFold_ree1/C.hex,vandal,"{ReentrantCall,UncheckedCall}",True,True
tests/bins/0_8/11_ERC20Staking_safe1/IERC20.hex,vandal,{},False,False
tests/bins/0_8/09_ERC20DDSubMod_safe1/IERC20.hex,vandal,{},False,False
tests/bins/0_8/17_Rari_ree1/A.hex,vandal,"{ReentrantCall,UncheckedCall}",True,True
tests/bins/0_8/17_Rari_safe2/A.hex,vandal,"{ReentrantCall,UncheckedCall}",False,True
tests/bins/0_8/18_RariStaticcall_safe1/A.hex,vandal,"{ReentrantCall,UncheckedCall}",False,True
tests/bins/0_8/18_RariStaticcall_ree1/B.hex,vandal,{ReentrantCall},True,True
tests/bins/0_8/00_BasicCall_ree1/C.hex,vandal,{},True,False
tests/bins/0_8/10_OnlyOnce_safe1/C.hex,vandal,{},False,False
tests/bins/0_8/10_OnlyOnce_safe2/C.hex,vandal,{},False,False
tests/bins/0_8/14_SidefxInline_ree1/C.hex,vandal,{ReentrantCall},True,True
tests/bins/0_8/14_SidefxInline_safe1/C.hex,vandal,{},False,False
tests/bins/0_8/15_LoopCrossMod_ree1/C.hex,vandal,"{ReentrantCall,UncheckedCall}",True,True
tests/bins/0_8/15_LoopCrossMod_ree3/C.hex,vandal,"{ReentrantCall,UncheckedCall}",True,True
tests/bins/0_8/15_LoopCrossMutex_ree1/C.hex,vandal,"{ReentrantCall,UncheckedCall}",True,True
tests/bins/0_8/15_LoopCrossMutex_safe2/C.hex,vandal,"{ReentrantCall,UncheckedCall}",False,True
tests/bins/0_8/15_Loop_ree1/C.hex,vandal,"{ReentrantCall,UncheckedCall}",True,True
tests/bins/0_8/16_DelegateCall_ree2/C.hex,vandal,{},True,False
tests/bins/0_8/00_BasicFold_safe1/C.hex,vandal,{},False,False
tests/bins/0_8/19_Human_ree2/C.hex,vandal,{},True,False
tests/bins/0_8/19_Human_safe2/C.hex,vandal,{},False,False
tests/bins/0_8/00_BasicNoCall_safe1/C.hex,vandal,{},False,False
tests/bins/0_8/00_BasicNoChecks_ree1/C.hex,vandal,"{ReentrantCall,UncheckedCall}",True,True
tests/bins/0_8/00_BasicNoChecks_safe1/C.hex,vandal,"{ReentrantCall,UncheckedCall}",False,True
tests/bins/0_8/00_BasicStaticcall_safe1/C.hex,vandal,{},False,False
tests/bins/0_8/00_BasicUnchecked_ree1/C.hex,vandal,{},True,False
tests/bins/0_8/01_SingleMutexFoldSem_ree1/C.hex,vandal,"{ReentrantCall,UncheckedCall}",True,True
tests/bins/0_8/01_SingleMutexFold_ree3/C.hex,vandal,"{ReentrantCall,UncheckedCall}",True,True
tests/bins/0_8/01_SingleMutex_ree2/C.hex,vandal,"{ReentrantCall,UncheckedCall}",True,True
tests/bins/0_8/00_BasicConst_ree1/C.hex,vandal,"{ReentrantCall,UncheckedCall}",True,True
tests/bins/0_8/02_CrossMutexSem_safe1/C.hex,vandal,"{ReentrantCall,UncheckedCall}",False,True
tests/bins/0_8/02_CrossMutexUnchecked_ree1/C.hex,vandal,"{ReentrantCall,UncheckedCall}",True,True
tests/bins/0_8/02_CrossMutexUnchecked_safe1/C.hex,vandal,"{ReentrantCall,UncheckedCall}",False,True
tests/bins/0_8/02_CrossMutex_ree2/C.hex,vandal,"{ReentrantCall,UncheckedCall}",True,True
tests/bins/0_8/02_CrossMutex_safe1/C.hex,vandal,"{ReentrantCall,UncheckedCall}",False,True
tests/bins/0_8/02_CrossMutex_safe2/C.hex,vandal,{},False,False
tests/bins/0_8/03_SingleModFoldSem_safe1/C.hex,vandal,"{ReentrantCall,UncheckedCall}",False,True
tests/bins/0_8/00_BasicConst_safe1/C.hex,vandal,"{ReentrantCall,UncheckedCall}",False,True
tests/bins/0_8/03_SingleModFold_ree3/C.hex,vandal,"{ReentrantCall,UncheckedCall}",True,True
tests/bins/0_8/03_SingleModFold_safe1/C.hex,vandal,"{ReentrantCall,UncheckedCall}",False,True
tests/bins/0_8/03_SingleMod_safe1/C.hex,vandal,"{ReentrantCall,UncheckedCall}",False,True
tests/bins/0_8/04_CrossModFold_ree1/C.hex,vandal,"{ReentrantCall,UncheckedCall}",True,True
tests/bins/0_8/04_CrossModFold_ree3/C.hex,vandal,"{ReentrantCall,UncheckedCall}",True,True
tests/bins/0_8/04_CrossModFold_safe1/C.hex,vandal,"{ReentrantCall,UncheckedCall}",False,True
tests/bins/0_8/04_CrossMod_ree2/C.hex,vandal,"{ReentrantCall,UncheckedCall}",True,True
tests/bins/0_8/00_BasicEmit_ree1/C.hex,vandal,{},True,False
tests/bins/0_8/04_CrossMod_safe1/C.hex,vandal,"{ReentrantCall,UncheckedCall}",False,True
tests/bins/0_8/04_CrossMod_safe2/C.hex,vandal,"{ReentrantCall,UncheckedCall}",False,True
tests/bins/0_8/04_CrossMod_safe3/C.hex,vandal,"{ReentrantCall,UncheckedCall}",False,True
tests/bins/0_8/05_SingleSendEmit_safe1/C.hex,vandal,{},False,False
tests/bins/0_8/07_MixedTransferEmit_ree1/C.hex,vandal,{},True,False
tests/bins/0_8/07_MixedTransferEmit_safe1/C.hex,vandal,{},False,False
tests/bins/0_8/07_MixedTransfer_safe1/C.hex,vandal,{},False,False
tests/bins/0_8/08_MixedSendFoldEmit_safe1/C.hex,vandal,{},False,False
tests/bins/0_8/00_BasicError_ree1/C.hex,vandal,{},True,False
tests/bins/0_8/08_MixedSendFold_ree1/C.hex,vandal,{},True,False
tests/bins/0_8/08_MixedSend_ree1/C.hex,vandal,{},True,False
tests/bins/0_8/08_MixedSend_safe1/C.hex,vandal,{},False,False
tests/bins/0_8/09_ERC20DDMod_ree3/C.hex,vandal,"{ReentrantCall,UncheckedCall}",True,True
tests/bins/0_8/09_ERC20DDSubMod_ree1/C.hex,vandal,"{ReentrantCall,UncheckedCall}",True,True
tests/bins/0_8/09_ERC20DDSubMod_ree2/C.hex,vandal,"{ReentrantCall,UncheckedCall}",True,True
tests/bins/0_8/09_ERC20DDSubMod_ree3/C.hex,vandal,"{ReentrantCall,UncheckedCall}",True,True
tests/bins/0_8/09_ERC20DDSubMod_safe1/C.hex,vandal,{},False,False
tests/bins/0_8/09_ERC20DDSub_ree1/C.hex,vandal,"{ReentrantCall,UncheckedCall}",True,True
tests/bins/0_8/09_ERC20DDSub_safe1/C.hex,vandal,"{ReentrantCall,UncheckedCall}",False,True
tests/bins/0_8/09_ERC20OnlyOnce_safe1/C.hex,vandal,"{ReentrantCall,UncheckedCall}",False,True
tests/bins/0_8/09_ERC20OnlyOnce_safe2/C.hex,vandal,"{ReentrantCall,UncheckedCall}",False,True
tests/bins/0_8/17_Rari_ree1/IAlpha.hex,vandal,{},True,False
tests/bins/0_8/17_Rari_safe1/IAlpha.hex,vandal,{},False,False
tests/bins/0_8/17_Rari_safe2/IAlpha.hex,vandal,{},False,False
tests/bins/0_8/09_ERC20DDMod_ree1/IERC20.hex,vandal,{},True,False
tests/bins/0_8/09_ERC20DDSub_safe1/IERC20.hex,vandal,{},False,False
tests/bins/0_8/09_ERC20DD_safe1/IERC20.hex,vandal,{},False,False
tests/bins/0_8/09_ERC20OnlyOnce_ree1/IERC20.hex,vandal,{},True,False
tests/bins/0_8/09_ERC20OnlyOnce_safe2/IERC20.hex,vandal,{},False,False
tests/bins/0_8/09_ERC20_safe1/IERC20.hex,vandal,{},False,False
tests/bins/0_8/09_ERC20DDMod_ree2/IERC20.hex,vandal,{},True,False
tests/bins/0_8/11_ERC20StakingPullMod_ree2/IERC20.hex,vandal,{},True,False
tests/bins/0_8/11_ERC20StakingPullMod_safe1/IERC20.hex,vandal,{},False,False
tests/bins/0_8/11_ERC20StakingPull_safe1/IERC20.hex,vandal,{},False,False
tests/bins/0_8/11_ERC20Staking_ree2/IERC20.hex,vandal,{},True,False
tests/bins/0_8/09_ERC20DDMod_ree3/IERC20.hex,vandal,{},True,False
tests/bins/0_8/11_ERC20Staking_safe2/IERC20.hex,vandal,{},False,False
tests/bins/0_8/09_ERC20DDSubMod_ree2/IERC20.hex,vandal,{},True,False
tests/bins/0_8/09_ERC20DDSubMod_ree3/IERC20.hex,vandal,{},True,False
tests/bins/0_8/17_Rari_safe1/IRari.hex,vandal,{},False,False
tests/bins/0_8/17_Rari_safe2/IRari.hex,vandal,{},False,False
tests/bins/0_8/18_RariStaticcall_ree1/IRari.hex,vandal,{},True,False
tests/bins/0_8/18_RariStaticcall_safe1/IRari.hex,vandal,{},False,False
tests/bins/0_8/17_Rari_safe2/IStrategy.hex,vandal,{},False,False
tests/bins/0_8/18_RariStaticcall_ree1/IStrategy.hex,vandal,{},True,False
tests/bins/0_8/18_RariStaticcall_safe1/IStrategy.hex,vandal,{},False,False
tests/bins/0_8/09_ERC20_ree1/MiniToken.hex,vandal,"{ReentrantCall,UncheckedCall}",True,True
tests/bins/0_8/09_ERC20_safe2/MiniToken.hex,vandal,{},False,False
tests/bins/0_8/12_Proxy_safe1/Proxy.hex,vandal,{},False,False
tests/bins/0_8/14_SidefxInline_safe1/SomeInterface.hex,vandal,{},False,False
tests/bins/0_8/11_ERC20Staking_safe1/StakableToken.hex,vandal,{},False,False
tests/bins/0_8/11_ERC20Staking_safe2/StakableToken.hex,vandal,{},False,False
tests/bins/0_8/11_ERC20Staking_safe3/StakableToken.hex,vandal,{ReentrantCall},False,True
tests/bins/0_8/11_ERC20StakingPullMod_safe1/StakableToken.hex,vandal,{},False,False
tests/bins/0_8/11_ERC20StakingPull_safe1/StakableToken.hex,vandal,{ReentrantCall},False,True
tests/bins/0_8/11_ERC20StakingPull_safe2/StakableToken.hex,vandal,{ReentrantCall},False,True
tests/bins/0_8/11_ERC20Staking_ree1/StakableToken.hex,vandal,{},True,False
tests/bins/0_8/11_ERC20Staking_ree2/StakableToken.hex,vandal,{},True,False
tests/bins/0_8/11_ERC20Staking_ree3/StakableToken.hex,vandal,"{ReentrantCall,UncheckedCall}",True,True
tests/bins/0_8/19_Human_ree1/Victim.hex,vandal,"{ReentrantCall,UncheckedCall}",True,True
tests/bins/0_8/17_Rari_ree1/A.hex,vandal,"{ReentrantCall,UncheckedCall}",True,True
tests/bins/0_8/17_Rari_ree2/A.hex,vandal,{},True,False
tests/bins/0_8/17_Rari_safe1/A.hex,vandal,"{ReentrantCall,UncheckedCall}",False,True
tests/bins/0_8/17_Rari_safe2/A.hex,vandal,"{ReentrantCall,UncheckedCall}",False,True
tests/bins/0_8/18_RariStaticcall_ree1/A.hex,vandal,{},True,False
tests/bins/0_8/18_RariStaticcall_safe1/A.hex,vandal,"{ReentrantCall,UncheckedCall}",False,True
tests/bins/0_8/17_Rari_ree1/B.hex,vandal,{ReentrantCall},True,True
tests/bins/0_8/17_Rari_ree2/B.hex,vandal,{ReentrantCall},True,True
tests/bins/0_8/17_Rari_safe1/B.hex,vandal,"{ReentrantCall,UncheckedCall}",False,True
tests/bins/0_8/17_Rari_safe2/B.hex,vandal,{ReentrantCall},False,True
tests/bins/0_8/18_RariStaticcall_ree1/B.hex,vandal,{ReentrantCall},True,True
tests/bins/0_8/18_RariStaticcall_safe1/B.hex,vandal,{ReentrantCall},False,True
tests/bins/0_8/00_BasicCall_ree1/C.hex,vandal,{},True,False
tests/bins/0_8/00_BasicFold_ree1/C.hex,vandal,{},True,False
tests/bins/0_8/10_OnlyOnce_safe1/C.hex,vandal,{},False,False
tests/bins/0_8/10_OnlyOnce_safe2/C.hex,vandal,{},False,False
tests/bins/0_8/14_SidefxInline_ree1/C.hex,vandal,{ReentrantCall},True,True
tests/bins/0_8/14_SidefxInline_safe1/C.hex,vandal,{},False,False
tests/bins/0_8/15_LoopCrossMod_ree1/C.hex,vandal,"{ReentrantCall,UncheckedCall}",True,True
tests/bins/0_8/15_LoopCrossMod_ree2/C.hex,vandal,"{ReentrantCall,UncheckedCall}",True,True
tests/bins/0_8/15_LoopCrossMod_ree3/C.hex,vandal,"{ReentrantCall,UncheckedCall}",True,True
tests/bins/0_8/15_LoopCrossMod_safe1/C.hex,vandal,"{ReentrantCall,UncheckedCall}",False,True
tests/bins/0_8/15_LoopCrossMutex_ree1/C.hex,vandal,"{ReentrantCall,UncheckedCall}",True,True
tests/bins/0_8/15_LoopCrossMutex_safe1/C.hex,vandal,{},False,False
tests/bins/0_8/00_BasicFold_ree2/C.hex,vandal,{},True,False
tests/bins/0_8/15_LoopCrossMutex_safe2/C.hex,vandal,"{ReentrantCall,UncheckedCall}",False,True
tests/bins/0_8/15_Loop_ree1/C.hex,vandal,"{ReentrantCall,UncheckedCall}",True,True
tests/bins/0_8/15_Loop_safe1/C.hex,vandal,{},False,False
tests/bins/0_8/16_DelegateCall_ree1/C.hex,vandal,{},True,False
tests/bins/0_8/16_DelegateCall_ree2/C.hex,vandal,{},True,False
tests/bins/0_8/16_DelegateCall_ree3/C.hex,vandal,{},True,False
tests/bins/0_8/16_DelegateCall_safe1/C.hex,vandal,{},False,False
tests/bins/0_8/19_HumanFold_ree1/C.hex,vandal,{},True,False
tests/bins/0_8/19_HumanFold_ree2/C.hex,vandal,{},True,False
tests/bins/0_8/00_BasicFold_safe1/C.hex,vandal,{},False,False
tests/bins/0_8/19_HumanFold_safe1/C.hex,vandal,{},False,False
tests/bins/0_8/19_Human_ree3/C.hex,vandal,{},True,False
tests/bins/0_8/19_Human_ree4/C.hex,vandal,"{ReentrantCall,UncheckedCall}",True,True
tests/bins/0_8/19_Human_safe1/C.hex,vandal,{},False,False
tests/bins/0_8/19_Human_safe2/C.hex,vandal,{},False,False
tests/bins/0_8/00_BasicFold_safe2/C.hex,vandal,{},False,False
tests/bins/0_8/00_BasicNoCall_safe1/C.hex,vandal,{},False,False
tests/bins/0_8/00_BasicNoChecks_ree1/C.hex,vandal,"{ReentrantCall,UncheckedCall}",True,True
tests/bins/0_8/00_BasicNoChecks_safe1/C.hex,vandal,"{ReentrantCall,UncheckedCall}",False,True
tests/bins/0_8/00_BasicStaticcall_safe1/C.hex,vandal,{},False,False
tests/bins/0_8/00_BasicUnchecked_ree1/C.hex,vandal,{},True,False
tests/bins/0_8/00_BasicUnchecked_safe1/C.hex,vandal,{},False,False
tests/bins/0_8/00_BasicCall_safe1/C.hex,vandal,{},False,False
tests/bins/0_8/01_SingleMutexFoldSem_ree1/C.hex,vandal,"{ReentrantCall,UncheckedCall}",True,True
tests/bins/0_8/01_SingleMutexFoldSem_safe1/C.hex,vandal,"{ReentrantCall,UncheckedCall}",False,True
tests/bins/0_8/01_SingleMutexFold_ree1/C.hex,vandal,"{ReentrantCall,UncheckedCall}",True,True
tests/bins/0_8/01_SingleMutexFold_ree2/C.hex,vandal,"{ReentrantCall,UncheckedCall}",True,True
tests/bins/0_8/01_SingleMutexFold_ree3/C.hex,vandal,"{ReentrantCall,UncheckedCall}",True,True
tests/bins/0_8/01_SingleMutexFold_safe1/C.hex,vandal,"{ReentrantCall,UncheckedCall}",False,True
tests/bins/0_8/01_SingleMutex_ree1/C.hex,vandal,"{ReentrantCall,UncheckedCall}",True,True
tests/bins/0_8/01_SingleMutex_ree2/C.hex,vandal,"{ReentrantCall,UncheckedCall}",True,True
tests/bins/0_8/01_SingleMutex_safe1/C.hex,vandal,"{ReentrantCall,UncheckedCall}",False,True
tests/bins/0_8/01_SingleMutex_safe2/C.hex,vandal,"{ReentrantCall,UncheckedCall}",False,True
tests/bins/0_8/00_BasicConst_ree1/C.hex,vandal,"{ReentrantCall,UncheckedCall}",True,True
tests/bins/0_8/02_CrossMutexSem_ree1/C.hex,vandal,"{ReentrantCall,UncheckedCall}",True,True
tests/bins/0_8/02_CrossMutexSem_safe1/C.hex,vandal,"{ReentrantCall,UncheckedCall}",False,True
tests/bins/0_8/02_CrossMutexUnchecked_ree1/C.hex,vandal,"{ReentrantCall,UncheckedCall}",True,True
tests/bins/0_8/02_CrossMutexUnchecked_safe1/C.hex,vandal,"{ReentrantCall,UncheckedCall}",False,True
tests/bins/0_8/02_CrossMutex_ree1/C.hex,vandal,"{ReentrantCall,UncheckedCall}",True,True
tests/bins/0_8/02_CrossMutex_ree2/C.hex,vandal,"{ReentrantCall,UncheckedCall}",True,True
tests/bins/0_8/03_SingleModFoldSem_ree1/C.hex,vandal,"{ReentrantCall,UncheckedCall}",True,True
tests/bins/0_8/03_SingleModFoldSem_safe1/C.hex,vandal,"{ReentrantCall,UncheckedCall}",False,True
tests/bins/0_8/00_BasicConst_safe1/C.hex,vandal,"{ReentrantCall,UncheckedCall}",False,True
tests/bins/0_8/03_SingleModFold_ree1/C.hex,vandal,"{ReentrantCall,UncheckedCall}",True,True
tests/bins/0_8/03_SingleModFold_ree2/C.hex,vandal,"{ReentrantCall,UncheckedCall}",True,True
tests/bins/0_8/03_SingleModFold_ree3/C.hex,vandal,"{ReentrantCall,UncheckedCall}",True,True
tests/bins/0_8/03_SingleModFold_safe1/C.hex,vandal,"{ReentrantCall,UncheckedCall}",False,True
tests/bins/0_8/03_SingleModSem_safe1/C.hex,vandal,"{ReentrantCall,UncheckedCall}",False,True
tests/bins/0_8/03_SingleMod_ree1/C.hex,vandal,"{ReentrantCall,UncheckedCall}",True,True
tests/bins/0_8/03_SingleMod_ree2/C.hex,vandal,"{ReentrantCall,UncheckedCall}",True,True
tests/bins/0_8/03_SingleMod_ree3/C.hex,vandal,"{ReentrantCall,UncheckedCall}",True,True
tests/bins/0_8/03_SingleMod_safe1/C.hex,vandal,"{ReentrantCall,UncheckedCall}",False,True
tests/bins/0_8/00_BasicCross_ree1/C.hex,vandal,{},True,False
tests/bins/0_8/03_SingleMod_safe2/C.hex,vandal,"{ReentrantCall,UncheckedCall}",False,True
tests/bins/0_8/04_CrossModFoldSem_safe1/C.hex,vandal,"{ReentrantCall,UncheckedCall}",False,True
tests/bins/0_8/04_CrossModFold_ree1/C.hex,vandal,"{ReentrantCall,UncheckedCall}",True,True
tests/bins/0_8/04_CrossModFold_ree2/C.hex,vandal,"{ReentrantCall,UncheckedCall}",True,True
tests/bins/0_8/04_CrossModFold_ree3/C.hex,vandal,"{ReentrantCall,UncheckedCall}",True,True
tests/bins/0_8/04_CrossModFold_safe1/C.hex,vandal,"{ReentrantCall,UncheckedCall}",False,True
tests/bins/0_8/04_CrossMod_ree1/C.hex,vandal,"{ReentrantCall,UncheckedCall}",True,True
tests/bins/0_8/04_CrossMod_ree2/C.hex,vandal,"{ReentrantCall,UncheckedCall}",True,True
tests/bins/0_8/04_CrossMod_ree3/C.hex,vandal,"{ReentrantCall,UncheckedCall}",True,True
tests/bins/0_8/04_CrossMod_ree4/C.hex,vandal,"{ReentrantCall,UncheckedCall}",True,True
tests/bins/0_8/00_BasicEmit_ree1/C.hex,vandal,{},True,False
tests/bins/0_8/04_CrossMod_ree5/C.hex,vandal,"{ReentrantCall,UncheckedCall}",True,True
tests/bins/0_8/04_CrossMod_safe1/C.hex,vandal,"{ReentrantCall,UncheckedCall}",False,True
tests/bins/0_8/04_CrossMod_safe2/C.hex,vandal,"{ReentrantCall,UncheckedCall}",False,True
tests/bins/0_8/04_CrossMod_safe3/C.hex,vandal,"{ReentrantCall,UncheckedCall}",False,True
tests/bins/0_8/05_SingleSendEmitUnchecked_safe1/C.hex,vandal,{},False,False
tests/bins/0_8/05_SingleSendEmit_safe1/C.hex,vandal,{},False,False
tests/bins/0_8/05_SingleSendUnchecked_safe1/C.hex,vandal,{},False,False
tests/bins/0_8/05_SingleSend_safe1/C.hex,vandal,{},False,False
tests/bins/0_8/05_SingleSend_safe2/C.hex,vandal,{},False,False
tests/bins/0_8/05_SingleSend_safe3/C.hex,vandal,{UncheckedCall},False,False
tests/bins/0_8/00_BasicEmit_safe1/C.hex,vandal,{},False,False
tests/bins/0_8/06_SingleTransferUnchecked_safe1/C.hex,vandal,{},False,False
tests/bins/0_8/06_SingleTransferUnchecked_safe2/C.hex,vandal,{},False,False
tests/bins/0_8/06_SingleTransfer_safe1/C.hex,vandal,{},False,False
tests/bins/0_8/06_SingleTransfer_safe2/C.hex,vandal,{},False,False
tests/bins/0_8/07_MixedTransferEmit_ree1/C.hex,vandal,{},True,False
tests/bins/0_8/07_MixedTransfer_ree1/C.hex,vandal,{},True,False
tests/bins/0_8/07_MixedTransfer_safe1/C.hex,vandal,{},False,False
tests/bins/0_8/08_MixedSendFoldEmit_ree1/C.hex,vandal,{},True,False
tests/bins/0_8/08_MixedSendFoldEmit_safe1/C.hex,vandal,{},False,False
tests/bins/0_8/00_BasicError_ree1/C.hex,vandal,{},True,False
tests/bins/0_8/08_MixedSendFold_ree1/C.hex,vandal,{},True,False
tests/bins/0_8/08_MixedSendFold_safe1/C.hex,vandal,{},False,False
tests/bins/0_8/08_MixedSend_ree1/C.hex,vandal,{},True,False
tests/bins/0_8/08_MixedSend_safe1/C.hex,vandal,{},False,False
tests/bins/0_8/09_ERC20DDMod_ree1/C.hex,vandal,"{ReentrantCall,UncheckedCall}",True,True
tests/bins/0_8/09_ERC20DDMod_ree2/C.hex,vandal,"{ReentrantCall,UncheckedCall}",True,True
tests/bins/0_8/09_ERC20DDMod_ree3/C.hex,vandal,"{ReentrantCall,UncheckedCall}",True,True
tests/bins/0_8/09_ERC20DDMod_safe1/C.hex,vandal,"{ReentrantCall,UncheckedCall}",False,True
tests/bins/0_8/09_ERC20DDSubMod_ree1/C.hex,vandal,"{ReentrantCall,UncheckedCall}",True,True
tests/bins/0_8/09_ERC20DDSubMod_ree2/C.hex,vandal,"{ReentrantCall,UncheckedCall}",True,True
tests/bins/0_8/00_BasicError_safe1/C.hex,vandal,{},False,False
tests/bins/0_8/09_ERC20DDSubMod_ree3/C.hex,vandal,"{ReentrantCall,UncheckedCall}",True,True
tests/bins/0_8/09_ERC20DDSubMod_safe1/C.hex,vandal,{},False,False
tests/bins/0_8/09_ERC20DDSub_safe1/C.hex,vandal,"{ReentrantCall,UncheckedCall}",False,True
tests/bins/0_8/09_ERC20DD_ree1/C.hex,vandal,"{ReentrantCall,UncheckedCall}",True,True
tests/bins/0_8/09_ERC20DD_safe1/C.hex,vandal,"{ReentrantCall,UncheckedCall}",False,True
tests/bins/0_8/09_ERC20OnlyOnce_ree1/C.hex,vandal,"{ReentrantCall,UncheckedCall}",True,True
tests/bins/0_8/09_ERC20OnlyOnce_safe1/C.hex,vandal,"{ReentrantCall,UncheckedCall}",False,True
tests/bins/0_8/09_ERC20OnlyOnce_safe2/C.hex,vandal,"{ReentrantCall,UncheckedCall}",False,True
tests/bins/0_8/09_ERC20_safe3/C.hex,vandal,{ReentrantCall},False,True
tests/bins/0_8/13_OnlyOwner_ree1/ControlledPayout.hex,vandal,"{ReentrantCall,UncheckedCall}",True,True
tests/bins/0_8/13_OnlyOwner_safe1/ControlledPayout.hex,vandal,"{ReentrantCall,UncheckedCall}",False,True
tests/bins/0_8/17_Rari_ree1/IAlpha.hex,vandal,{},True,False
tests/bins/0_8/17_Rari_ree2/IAlpha.hex,vandal,{},True,False
tests/bins/0_8/17_Rari_safe1/IAlpha.hex,vandal,{},False,False
tests/bins/0_8/17_Rari_safe2/IAlpha.hex,vandal,{},False,False
tests/bins/0_8/18_RariStaticcall_ree1/IAlpha.hex,vandal,{},True,False
tests/bins/0_8/18_RariStaticcall_safe1/IAlpha.hex,vandal,{},False,False
tests/bins/0_8/09_ERC20DDMod_ree1/IERC20.hex,vandal,{},True,False
tests/bins/0_8/09_ERC20DDSub_safe1/IERC20.hex,vandal,{},False,False
tests/bins/0_8/09_ERC20DD_ree1/IERC20.hex,vandal,{},True,False
tests/bins/0_8/09_ERC20DD_safe1/IERC20.hex,vandal,{},False,False
tests/bins/0_8/09_ERC20OnlyOnce_ree1/IERC20.hex,vandal,{},True,False
tests/bins/0_8/09_ERC20OnlyOnce_safe1/IERC20.hex,vandal,{},False,False
tests/bins/0_8/09_ERC20OnlyOnce_safe2/IERC20.hex,vandal,{},False,False
tests/bins/0_8/09_ERC20Staticcall_ree1/IERC20.hex,vandal,{},True,False
tests/bins/0_8/09_ERC20_ree1/IERC20.hex,vandal,{},True,False
tests/bins/0_8/09_ERC20_safe1/IERC20.hex,vandal,{},False,False
tests/bins/0_8/09_ERC20_safe2/IERC20.hex,vandal,{},False,False
tests/bins/0_8/09_ERC20DDMod_ree2/IERC20.hex,vandal,{},True,False
tests/bins/0_8/09_ERC20_safe3/IERC20.hex,vandal,{},False,False
tests/bins/0_8/11_ERC20StakingPullMod_ree1/IERC20.hex,vandal,{},True,False
tests/bins/0_8/11_ERC20StakingPullMod_ree2/IERC20.hex,vandal,{},True,False
tests/bins/0_8/11_ERC20StakingPullMod_safe1/IERC20.hex,vandal,{},False,False
tests/bins/0_8/11_ERC20StakingPull_ree1/IERC20.hex,vandal,{},True,False
tests/bins/0_8/11_ERC20StakingPull_safe1/IERC20.hex,vandal,{},False,False
tests/bins/0_8/11_ERC20StakingPull_safe2/IERC20.hex,vandal,{},False,False
tests/bins/0_8/11_ERC20Staking_ree1/IERC20.hex,vandal,{},True,False
tests/bins/0_8/11_ERC20Staking_ree2/IERC20.hex,vandal,{},True,False
tests/bins/0_8/11_ERC20Staking_ree3/IERC20.hex,vandal,{},True,False
tests/bins/0_8/09_ERC20DDMod_ree3/IERC20.hex,vandal,{},True,False
tests/bins/0_8/11_ERC20Staking_safe1/IERC20.hex,vandal,{},False,False
tests/bins/0_8/11_ERC20Staking_safe2/IERC20.hex,vandal,{},False,False
tests/bins/0_8/11_ERC20Staking_safe3/IERC20.hex,vandal,{},False,False
tests/bins/0_8/09_ERC20DDMod_safe1/IERC20.hex,vandal,{},False,False
tests/bins/0_8/09_ERC20DDSubMod_ree1/IERC20.hex,vandal,{},True,False
tests/bins/0_8/09_ERC20DDSubMod_ree2/IERC20.hex,vandal,{},True,False
tests/bins/0_8/09_ERC20DDSubMod_ree3/IERC20.hex,vandal,{},True,False
tests/bins/0_8/09_ERC20DDSubMod_safe1/IERC20.hex,vandal,{},False,False
tests/bins/0_8/09_ERC20DDSub_ree1/IERC20.hex,vandal,{},True,False
tests/bins/0_8/17_Rari_ree1/IRari.hex,vandal,{},True,False
tests/bins/0_8/17_Rari_ree2/IRari.hex,vandal,{},True,False
tests/bins/0_8/17_Rari_safe1/IRari.hex,vandal,{},False,False
tests/bins/0_8/17_Rari_safe2/IRari.hex,vandal,{},False,False
tests/bins/0_8/18_RariStaticcall_ree1/IRari.hex,vandal,{},True,False
tests/bins/0_8/18_RariStaticcall_safe1/IRari.hex,vandal,{},False,False
tests/bins/0_8/17_Rari_ree2/IStrategy.hex,vandal,{},True,False
tests/bins/0_8/17_Rari_safe1/IStrategy.hex,vandal,{},False,False
tests/bins/0_8/18_RariStaticcall_ree1/IStrategy.hex,vandal,{},True,False
tests/bins/0_8/18_RariStaticcall_safe1/IStrategy.hex,vandal,{},False,False
tests/bins/0_8/09_ERC20Staticcall_ree1/MiniToken.hex,vandal,"{ReentrantCall,UncheckedCall}",True,True
tests/bins/0_8/09_ERC20_ree1/MiniToken.hex,vandal,"{ReentrantCall,UncheckedCall}",True,True
tests/bins/0_8/09_ERC20_safe1/MiniToken.hex,vandal,{},False,False
tests/bins/0_8/09_ERC20DDSubMod_ree1/MyERC20.hex,vandal,{},True,False
tests/bins/0_8/09_ERC20DDSubMod_ree2/MyERC20.hex,vandal,{},True,False
tests/bins/0_8/09_ERC20DDSubMod_ree3/MyERC20.hex,vandal,{},True,False
tests/bins/0_8/09_ERC20DDSubMod_safe1/MyERC20.hex,vandal,{},False,False
tests/bins/0_8/09_ERC20DDSub_ree1/MyERC20.hex,vandal,{},True,False
tests/bins/0_8/09_ERC20DDSub_safe1/MyERC20.hex,vandal,{},False,False
tests/bins/0_8/12_ProxyStaticcall_safe1/Proxy.hex,vandal,{},False,False
tests/bins/0_8/14_SidefxInline_ree1/SomeInterface.hex,vandal,{},True,False
tests/bins/0_8/14_SidefxInline_safe1/SomeInterface.hex,vandal,{},False,False
tests/bins/0_8/11_ERC20StakingPullMod_ree1/StakableToken.hex,vandal,{},True,False
tests/bins/0_8/11_ERC20Staking_safe1/StakableToken.hex,vandal,{},False,False
tests/bins/0_8/11_ERC20Staking_safe2/StakableToken.hex,vandal,{},False,False
tests/bins/0_8/11_ERC20Staking_safe3/StakableToken.hex,vandal,{ReentrantCall},False,True
tests/bins/0_8/11_ERC20StakingPullMod_ree2/StakableToken.hex,vandal,{},True,False
tests/bins/0_8/11_ERC20StakingPullMod_safe1/StakableToken.hex,vandal,{},False,False
tests/bins/0_8/11_ERC20StakingPull_ree1/StakableToken.hex,vandal,{ReentrantCall},True,True
tests/bins/0_8/11_ERC20StakingPull_safe1/StakableToken.hex,vandal,{ReentrantCall},False,True
tests/bins/0_8/11_ERC20StakingPull_safe2/StakableToken.hex,vandal,{ReentrantCall},False,True
tests/bins/0_8/11_ERC20Staking_ree1/StakableToken.hex,vandal,{},True,False
tests/bins/0_8/11_ERC20Staking_ree2/StakableToken.hex,vandal,{},True,False
tests/bins/0_8/11_ERC20Staking_ree3/StakableToken.hex,vandal,"{ReentrantCall,UncheckedCall}",True,True
tests/bins/0_8/19_Human_ree1/Victim.hex,vandal,"{ReentrantCall,UncheckedCall}",True,True
tests/bins/0_8/17_Rari_safe1/A.hex,vandal,"{ReentrantCall,UncheckedCall}",False,True
tests/bins/0_8/10_OnlyOnce_safe2/C.hex,vandal,{},False,False
tests/bins/0_8/15_LoopCrossMod_ree1/C.hex,vandal,"{ReentrantCall,UncheckedCall}",True,True
tests/bins/0_8/15_LoopCrossMod_safe1/C.hex,vandal,"{ReentrantCall,UncheckedCall}",False,True
tests/bins/0_8/16_DelegateCall_safe1/C.hex,vandal,{},False,False
tests/bins/0_8/19_HumanFold_safe1/C.hex,vandal,{},False,False
tests/bins/0_8/00_BasicNoChecks_ree1/C.hex,vandal,"{ReentrantCall,UncheckedCall}",True,True
tests/bins/0_8/01_SingleMutexFold_ree2/C.hex,vandal,"{ReentrantCall,UncheckedCall}",True,True
tests/bins/0_8/02_CrossMutexSem_safe1/C.hex,vandal,"{ReentrantCall,UncheckedCall}",False,True
tests/bins/0_8/03_SingleModSem_ree1/C.hex,vandal,"{ReentrantCall,UncheckedCall}",True,True
tests/bins/0_8/00_BasicCross_ree1/C.hex,vandal,{},True,False
tests/bins/0_8/04_CrossModFold_ree1/C.hex,vandal,"{ReentrantCall,UncheckedCall}",True,True
tests/bins/0_8/04_CrossMod_ree1/C.hex,vandal,"{ReentrantCall,UncheckedCall}",True,True
tests/bins/0_8/04_CrossMod_safe1/C.hex,vandal,"{ReentrantCall,UncheckedCall}",False,True
tests/bins/0_8/05_SingleSend_safe3/C.hex,vandal,{UncheckedCall},False,False
tests/bins/0_8/00_BasicEmit_safe1/C.hex,vandal,{},False,False
tests/bins/0_8/06_SingleTransferUnchecked_safe1/C.hex,vandal,{},False,False
tests/bins/0_8/09_ERC20DDMod_ree1/C.hex,vandal,"{ReentrantCall,UncheckedCall}",True,True
tests/bins/0_8/09_ERC20DDMod_ree2/C.hex,vandal,"{ReentrantCall,UncheckedCall}",True,True
tests/bins/0_8/09_ERC20DDMod_ree3/C.hex,vandal,"{ReentrantCall,UncheckedCall}",True,True
tests/bins/0_8/09_ERC20DDSub_safe1/C.hex,vandal,"{ReentrantCall,UncheckedCall}",False,True
tests/bins/0_8/13_OnlyOwner_ree1/ControlledPayout.hex,vandal,"{ReentrantCall,UncheckedCall}",True,True
tests/bins/0_8/17_Rari_safe1/IAlpha.hex,vandal,{},False,False
tests/bins/0_8/17_Rari_safe2/IAlpha.hex,vandal,{},False,False
tests/bins/0_8/18_RariStaticcall_safe1/IAlpha.hex,vandal,{},False,False
tests/bins/0_8/09_ERC20DDMod_ree1/IERC20.hex,vandal,{},True,False
tests/bins/0_8/09_ERC20OnlyOnce_safe1/IERC20.hex,vandal,{},False,False
tests/bins/0_8/11_ERC20StakingPullMod_ree2/IERC20.hex,vandal,{},True,False
tests/bins/0_8/11_ERC20Staking_ree1/IERC20.hex,vandal,{},True,False
tests/bins/0_8/11_ERC20Staking_safe1/IERC20.hex,vandal,{},False,False
tests/bins/0_8/14_SidefxInline_safe1/SomeInterface.hex,vandal,{},False,False
